timestamp,estacao,temperatura_c,umidade_relativa_pct,pressao_hpa,velocidade_vento_ms,direcao_vento_graus,mp25_ugm3,mp10_ugm3,co_ppm,co2_ppm,nox_ppb,so2_ppb,ch4_ppm
2026-07-01 00:00:00,Missao_Ambiental,14.4,92.1,1014.9,2.7,56.0,15.5,27.2,0.87,413.0,33.3,5.07,1.863
2026-07-01 01:00:00,Missao_Ambiental,13.1,89.0,1007.8,0.6,220.0,18.4,29.1,0.61,610.0,28.6,6.14,1.786
2026-07-01 02:00:00,Missao_Ambiental,11.6,98.0,1009.5,1.6,23.0,17.8,25.8,0.86,579.0,41.1,5.97,1.815
2026-07-01 03:00:00,Missao_Ambiental,13.0,95.1,1013.6,0.0,197.0,21.0,39.1,0.85,586.3,28.2,,1.842
2026-07-01 04:00:00,Missao_Ambiental,11.7,98.0,1014.0,0.0,51.0,22.5,39.7,0.85,575.4,28.1,6.66,1.978
2026-07-01 05:00:00,Missao_Ambiental,12.2,95.9,1009.7,0.0,263.0,23.5,38.4,0.76,593.4,26.1,6.72,2.023
2026-07-01 06:00:00,Missao_Ambiental,13.7,98.0,1005.1,3.3,9.0,,14.4,0.88,,32.1,8.96,1.859
2026-07-01 07:00:00,Missao_Ambiental,14.0,85.5,1015.7,2.8,289.0,27.1,50.1,1.11,409.5,43.0,5.22,1.783
2026-07-01 08:00:00,Missao_Ambiental,16.8,82.5,1013.0,2.3,150.0,20.0,31.4,1.04,417.6,47.4,9.77,1.914
2026-07-01 09:00:00,Missao_Ambiental,18.3,74.7,1007.2,2.5,103.0,22.0,36.3,1.02,417.1,46.8,5.93,1.807
2026-07-01 10:00:00,Missao_Ambiental,20.9,71.5,1015.4,1.6,132.0,20.0,33.4,0.93,405.1,26.6,6.2,1.86
2026-07-01 11:00:00,Missao_Ambiental,19.1,62.8,1009.8,3.0,249.0,16.9,24.8,0.7,408.3,28.1,7.63,1.802
2026-07-01 12:00:00,Missao_Ambiental,22.5,62.6,1008.2,2.7,34.0,8.6,13.5,0.9,427.8,31.8,6.5,1.928
2026-07-01 13:00:00,Missao_Ambiental,,54.3,1013.9,1.8,2.0,15.1,26.4,0.54,402.1,33.9,4.05,1.963
2026-07-01 14:00:00,Missao_Ambiental,25.2,47.6,1015.9,2.9,237.0,10.9,17.3,0.74,406.7,25.1,5.85,1.927
2026-07-01 15:00:00,Missao_Ambiental,24.3,53.3,1013.0,4.0,208.0,8.8,15.5,0.71,403.9,32.9,5.55,1.957
2026-07-01 16:00:00,Missao_Ambiental,24.4,50.6,1010.5,1.0,306.0,10.7,18.0,0.64,422.6,32.3,,1.912
2026-07-01 17:00:00,Missao_Ambiental,23.3,48.8,1014.1,3.1,251.0,17.8,27.5,1.29,427.7,48.1,7.03,2.208
2026-07-01 18:00:00,Missao_Ambiental,22.9,61.9,1015.9,3.2,320.0,17.0,24.6,0.85,412.7,45.5,10.63,1.751
2026-07-01 19:00:00,Missao_Ambiental,21.8,56.0,1011.6,2.3,46.0,27.8,41.9,1.1,409.0,46.3,6.09,1.848
2026-07-01 20:00:00,Missao_Ambiental,22.1,71.1,1006.9,1.4,286.0,12.6,18.1,0.47,427.6,35.2,3.6,1.873
2026-07-01 21:00:00,Missao_Ambiental,17.4,72.4,1018.3,1.6,238.0,,27.1,0.97,397.2,27.1,8.53,1.843
2026-07-01 22:00:00,Missao_Ambiental,17.0,84.6,1010.2,1.1,177.0,9.2,14.9,0.7,444.5,21.4,5.12,1.91
2026-07-01 23:00:00,Missao_Ambiental,16.7,81.8,1016.5,1.2,237.0,13.6,23.0,0.73,421.7,34.0,9.17,1.801
2026-07-02 00:00:00,Missao_Ambiental,16.3,84.9,1012.5,1.8,346.0,12.5,19.5,0.75,411.2,35.1,6.71,1.845
2026-07-02 01:00:00,Missao_Ambiental,13.9,97.9,1015.4,1.8,102.0,22.4,40.4,0.61,587.7,30.7,8.56,1.853
2026-07-02 02:00:00,Missao_Ambiental,12.9,98.0,1012.3,2.3,270.0,18.5,34.2,0.76,607.6,30.1,7.36,1.875
2026-07-02 03:00:00,Missao_Ambiental,12.4,98.0,1013.3,1.8,227.0,13.0,20.3,0.65,605.4,34.7,7.25,1.95
2026-07-02 04:00:00,Missao_Ambiental,12.2,95.6,1013.2,0.5,159.0,18.9,27.6,0.84,594.2,26.6,4.36,1.919
2026-07-02 05:00:00,Missao_Ambiental,13.1,94.6,1011.6,1.4,31.0,24.8,46.5,0.65,577.2,28.7,6.62,2.018
2026-07-02 06:00:00,Missao_Ambiental,14.8,92.0,1012.9,1.5,4.0,11.7,17.1,0.71,424.8,25.0,7.04,2.023
2026-07-02 07:00:00,Missao_Ambiental,14.9,89.1,1015.1,2.1,80.0,21.9,41.5,1.23,421.5,40.4,6.05,1.94
2026-07-02 08:00:00,Missao_Ambiental,18.2,85.3,1019.5,1.7,210.0,21.2,36.3,1.23,407.4,41.4,1.75,1.858
2026-07-02 09:00:00,Missao_Ambiental,17.1,75.6,1014.0,4.4,111.0,23.9,35.4,1.23,400.2,56.0,8.36,1.862
2026-07-02 10:00:00,Missao_Ambiental,17.5,73.9,1012.7,3.7,149.0,14.0,25.7,0.71,420.1,30.3,5.1,1.95
2026-07-02 11:00:00,Missao_Ambiental,19.7,61.9,1013.4,3.0,82.0,18.6,29.4,0.95,425.0,25.5,9.1,1.909
2026-07-02 12:00:00,Missao_Ambiental,23.7,57.6,1019.2,4.3,316.0,10.3,14.6,0.68,429.7,38.2,4.07,1.955
2026-07-02 13:00:00,Missao_Ambiental,24.5,46.3,1009.5,0.5,325.0,15.2,27.2,0.39,444.4,21.7,2.59,1.896
2026-07-02 14:00:00,Missao_Ambiental,24.3,50.7,1006.8,2.4,228.0,13.9,20.4,0.71,425.5,24.4,4.97,1.815
2026-07-02 15:00:00,Missao_Ambiental,23.9,53.8,1010.0,3.0,69.0,11.1,16.0,0.64,418.4,23.8,4.89,1.804
2026-07-02 16:00:00,Missao_Ambiental,26.2,51.0,1010.9,2.7,314.0,17.8,31.6,0.63,412.0,26.5,5.45,1.716
2026-07-02 17:00:00,Missao_Ambiental,21.4,58.8,1017.9,2.3,13.0,25.0,46.2,0.93,466.2,51.7,5.74,1.824
2026-07-02 18:00:00,Missao_Ambiental,20.3,58.1,1010.7,1.1,7.0,17.4,27.2,0.98,445.3,50.3,5.98,2.018
2026-07-02 19:00:00,Missao_Ambiental,21.1,59.1,1017.6,1.7,155.0,20.0,31.6,0.98,433.9,56.5,3.2,1.945
2026-07-02 20:00:00,Missao_Ambiental,18.8,66.6,1011.2,0.3,62.0,4.4,8.3,0.82,416.4,24.6,4.85,1.96
2026-07-02 21:00:00,Missao_Ambiental,18.6,71.1,1013.3,2.0,206.0,18.1,27.0,0.61,408.6,19.2,2.74,1.904
2026-07-02 22:00:00,Missao_Ambiental,16.8,77.9,1014.9,0.0,56.0,25.5,36.4,0.48,407.1,27.7,8.01,1.854
2026-07-02 23:00:00,Missao_Ambiental,16.0,83.0,1014.6,2.6,170.0,7.3,13.6,0.57,425.6,26.4,6.17,1.888
2026-07-03 00:00:00,Missao_Ambiental,15.2,93.7,1014.0,0.8,73.0,13.1,23.7,0.67,424.3,42.5,7.74,1.874
2026-07-03 01:00:00,Missao_Ambiental,14.2,95.0,1006.9,0.2,167.0,24.4,40.3,0.59,592.9,28.7,7.66,1.723
2026-07-03 02:00:00,Missao_Ambiental,12.5,98.0,1008.6,2.3,50.0,22.2,37.0,0.91,590.7,31.5,5.08,1.832
2026-07-03 03:00:00,Missao_Ambiental,13.0,96.6,1013.2,0.7,274.0,18.8,34.0,0.84,584.0,24.1,,1.93
2026-07-03 04:00:00,Missao_Ambiental,,95.5,1015.6,2.6,250.0,13.6,21.4,0.76,561.3,39.0,7.31,1.896
2026-07-03 05:00:00,Missao_Ambiental,13.1,92.1,1020.3,1.3,7.0,27.3,50.8,0.81,576.1,32.8,9.76,2.008
2026-07-03 06:00:00,Missao_Ambiental,15.7,90.6,1010.0,2.4,355.0,24.6,39.3,0.8,417.6,27.4,3.98,1.768
2026-07-03 07:00:00,Missao_Ambiental,16.0,87.8,1009.1,1.2,266.0,15.6,25.4,1.04,416.3,43.4,0.61,1.896
2026-07-03 08:00:00,Missao_Ambiental,16.2,84.3,1018.5,3.6,5.0,17.5,32.9,1.16,416.0,38.4,11.15,1.905
2026-07-03 09:00:00,Missao_Ambiental,18.0,74.9,1013.6,2.4,74.0,31.9,45.7,0.91,416.2,54.0,0.7,1.987
2026-07-03 10:00:00,Missao_Ambiental,21.0,60.2,1012.0,2.1,310.0,13.8,21.2,0.8,403.3,40.5,7.87,2.002
2026-07-03 11:00:00,Missao_Ambiental,21.9,58.0,1011.4,3.0,235.0,13.0,19.8,0.69,430.7,32.7,5.28,1.993
2026-07-03 12:00:00,Missao_Ambiental,20.9,59.8,1014.8,2.2,5.0,7.7,14.2,0.98,412.2,36.3,4.59,1.787
2026-07-03 13:00:00,Missao_Ambiental,21.3,55.8,1009.2,4.3,199.0,7.4,13.9,0.64,411.8,32.4,5.92,1.988
2026-07-03 14:00:00,Missao_Ambiental,23.9,51.5,1011.9,2.4,97.0,23.0,35.2,0.82,422.6,28.9,6.04,1.928
2026-07-03 15:00:00,Missao_Ambiental,23.4,46.9,1013.6,1.5,99.0,22.4,40.7,0.83,423.8,35.9,9.33,1.981
2026-07-03 16:00:00,Missao_Ambiental,21.6,45.7,1011.1,2.5,60.0,13.0,22.1,0.75,410.8,21.6,4.15,1.792
2026-07-03 17:00:00,Missao_Ambiental,22.0,57.6,1010.2,5.1,239.0,22.0,33.2,1.11,411.4,45.7,11.12,1.892
2026-07-03 18:00:00,Missao_Ambiental,23.6,54.5,1012.9,4.3,248.0,15.4,27.9,1.02,429.5,50.8,7.24,1.774
2026-07-03 19:00:00,Missao_Ambiental,20.1,61.5,1012.8,1.8,67.0,25.9,45.7,1.1,428.4,51.5,,1.937
2026-07-03 20:00:00,Missao_Ambiental,,61.9,1014.3,1.4,65.0,17.7,25.1,0.74,403.8,36.3,5.92,1.955
2026-07-03 21:00:00,Missao_Ambiental,18.0,75.1,1015.8,0.7,13.0,8.8,12.9,0.8,423.3,27.1,8.51,1.828
2026-07-03 22:00:00,Missao_Ambiental,16.2,79.7,1017.3,1.4,115.0,17.9,30.6,0.76,421.2,36.4,4.97,2.013
2026-07-03 23:00:00,Missao_Ambiental,17.8,86.0,1011.7,2.7,152.0,10.9,15.9,0.84,399.8,24.5,3.99,1.839
2026-07-04 00:00:00,Missao_Ambiental,13.7,93.6,1017.7,0.2,79.0,8.9,16.4,0.36,429.3,24.0,3.75,1.931
2026-07-04 01:00:00,Missao_Ambiental,13.0,98.0,1013.9,3.7,83.0,11.4,17.0,0.39,588.4,27.1,8.84,1.854
2026-07-04 02:00:00,Missao_Ambiental,11.2,98.0,1011.3,1.8,81.0,22.9,38.7,0.62,588.8,17.7,6.57,1.927
2026-07-04 03:00:00,Missao_Ambiental,12.8,98.0,1012.5,0.4,134.0,17.0,28.0,0.34,590.2,21.3,5.97,1.995
2026-07-04 04:00:00,Missao_Ambiental,15.2,97.0,1011.5,2.2,244.0,6.9,12.7,0.55,606.9,26.7,7.64,1.941
2026-07-04 05:00:00,Missao_Ambiental,14.1,98.0,1017.1,1.8,57.0,12.0,21.3,0.35,603.5,17.6,6.06,2.002
2026-07-04 06:00:00,Missao_Ambiental,14.0,92.9,1008.9,3.2,228.0,15.6,22.7,0.51,433.7,29.5,5.81,1.922
2026-07-04 07:00:00,Missao_Ambiental,15.7,88.2,1011.7,2.7,108.0,8.1,13.7,0.51,447.9,10.9,4.88,1.93
2026-07-04 08:00:00,Missao_Ambiental,18.3,81.2,1011.3,4.4,99.0,4.7,8.4,0.45,414.7,24.3,6.49,1.855
2026-07-04 09:00:00,Missao_Ambiental,16.5,78.5,1015.0,2.4,151.0,4.7,7.2,0.73,429.3,21.5,5.52,1.928
2026-07-04 10:00:00,Missao_Ambiental,18.1,74.3,1012.8,3.6,349.0,10.7,19.1,0.45,438.5,22.7,7.29,2.006
2026-07-04 11:00:00,Missao_Ambiental,21.2,65.3,1012.7,3.9,42.0,11.1,17.9,0.37,429.4,11.4,6.26,1.846
2026-07-04 12:00:00,Missao_Ambiental,23.3,54.7,1011.7,0.6,4.0,8.9,14.6,0.38,406.2,24.6,7.57,1.934
2026-07-04 13:00:00,Missao_Ambiental,22.0,53.2,1013.0,1.3,223.0,11.7,16.4,0.75,433.1,7.7,5.51,1.845
2026-07-04 14:00:00,Missao_Ambiental,22.6,49.7,1018.4,3.1,288.0,7.6,11.0,0.41,451.0,25.5,6.12,1.848
2026-07-04 15:00:00,Missao_Ambiental,24.8,51.6,1015.7,3.1,122.0,10.1,18.3,0.62,461.1,15.9,9.47,1.916
2026-07-04 16:00:00,Missao_Ambiental,23.0,48.9,1012.0,2.9,351.0,5.5,9.9,0.4,429.6,32.9,9.46,1.935
2026-07-04 17:00:00,Missao_Ambiental,23.2,53.8,1014.8,1.5,26.0,14.0,24.7,0.46,422.8,29.4,3.55,1.783
2026-07-04 18:00:00,Missao_Ambiental,22.5,61.5,1018.1,2.0,175.0,3.1,5.3,0.39,452.1,28.3,4.75,1.932
2026-07-04 19:00:00,Missao_Ambiental,21.6,63.5,1011.3,0.5,350.0,10.9,17.9,0.44,438.2,17.8,7.54,1.7
2026-07-04 20:00:00,Missao_Ambiental,20.9,61.6,1011.9,0.1,349.0,12.8,20.0,0.29,423.0,22.1,5.91,1.938
2026-07-04 21:00:00,Missao_Ambiental,18.1,69.9,1016.0,0.7,155.0,12.2,21.4,0.27,424.8,17.9,5.36,2.066
2026-07-04 22:00:00,Missao_Ambiental,16.9,83.2,1016.1,1.4,74.0,8.3,11.9,0.4,440.9,20.3,7.47,1.894
2026-07-04 23:00:00,Missao_Ambiental,15.1,79.5,1015.7,1.5,164.0,2.0,3.5,0.92,446.6,13.8,7.23,1.816
2026-07-05 00:00:00,Missao_Ambiental,13.0,98.0,1012.4,1.4,249.0,9.5,16.2,0.78,433.0,26.3,8.21,1.995
2026-07-05 01:00:00,Missao_Ambiental,13.6,92.1,1017.9,0.1,38.0,17.5,31.3,0.44,622.2,22.7,5.51,1.977
2026-07-05 02:00:00,Missao_Ambiental,13.6,94.2,1014.8,1.9,287.0,18.6,27.2,0.44,595.4,20.1,3.81,1.785
2026-07-05 03:00:00,Missao_Ambiental,13.9,96.6,1010.0,0.0,86.0,8.3,11.9,0.39,622.6,26.1,4.62,2.08
2026-07-05 04:00:00,Missao_Ambiental,13.4,97.8,1005.5,3.5,9.0,8.8,14.1,0.25,613.3,34.6,8.77,1.945
2026-07-05 05:00:00,Missao_Ambiental,13.5,98.0,1015.3,1.5,88.0,12.7,18.4,0.56,572.6,19.4,4.02,1.812
2026-07-05 06:00:00,Missao_Ambiental,14.0,98.0,1015.8,0.9,258.0,7.2,10.5,0.24,438.3,14.2,6.21,1.793
2026-07-05 07:00:00,Missao_Ambiental,14.3,88.8,1008.2,2.9,347.0,15.2,25.5,0.47,431.9,17.4,6.24,1.943
2026-07-05 08:00:00,Missao_Ambiental,16.5,81.6,1010.9,1.8,220.0,14.2,26.3,0.43,411.3,15.8,4.56,1.972
2026-07-05 09:00:00,Missao_Ambiental,17.6,80.0,1011.0,2.8,225.0,18.5,27.5,0.29,439.5,22.5,5.63,1.89
2026-07-05 10:00:00,Missao_Ambiental,19.6,67.9,1015.9,4.7,84.0,15.4,25.4,0.23,417.9,29.8,9.36,1.856
2026-07-05 11:00:00,Missao_Ambiental,21.7,69.0,1011.9,2.3,31.0,5.2,8.2,0.37,430.5,15.4,6.47,1.776
2026-07-05 12:00:00,Missao_Ambiental,22.6,60.7,1007.0,2.9,120.0,12.4,21.9,0.77,419.4,19.7,7.12,1.906
2026-07-05 13:00:00,Missao_Ambiental,23.8,49.7,1013.5,1.1,35.0,15.9,25.0,0.43,446.4,23.7,3.82,1.875
2026-07-05 14:00:00,Missao_Ambiental,25.3,51.4,1020.0,2.9,32.0,7.5,13.6,0.53,440.6,25.7,4.43,1.794
2026-07-05 15:00:00,Missao_Ambiental,21.8,52.0,1009.7,0.3,216.0,12.9,21.3,0.48,431.2,19.4,7.84,1.877
2026-07-05 16:00:00,Missao_Ambiental,24.1,52.1,1011.0,3.5,29.0,4.8,8.4,0.43,430.4,19.9,8.17,1.938
2026-07-05 17:00:00,Missao_Ambiental,23.2,56.6,1017.2,3.1,63.0,2.0,2.9,0.49,420.9,18.9,,1.942
2026-07-05 18:00:00,Missao_Ambiental,22.2,59.3,1013.2,0.5,158.0,10.7,16.1,0.36,453.0,27.3,5.57,2.019
2026-07-05 19:00:00,Missao_Ambiental,21.2,61.2,1011.2,0.9,249.0,9.7,18.4,0.37,436.6,27.1,7.9,1.781
2026-07-05 20:00:00,Missao_Ambiental,16.5,72.3,1008.9,1.0,132.0,14.4,25.4,0.43,421.4,4.5,4.91,1.931
2026-07-05 21:00:00,Missao_Ambiental,16.2,75.7,1013.0,1.8,40.0,2.0,3.6,0.79,429.6,14.4,5.11,1.829
2026-07-05 22:00:00,Missao_Ambiental,16.2,88.3,1008.9,0.0,165.0,10.7,20.1,0.51,420.0,26.2,4.79,2.046
2026-07-05 23:00:00,Missao_Ambiental,15.8,85.5,1019.5,0.6,237.0,10.7,18.3,0.6,430.5,15.5,6.92,1.846
2026-07-06 00:00:00,Missao_Ambiental,16.2,93.2,1011.9,1.4,26.0,11.2,17.3,0.91,438.0,26.1,3.91,1.943
2026-07-06 01:00:00,Missao_Ambiental,14.2,98.0,1016.0,0.4,225.0,15.1,22.1,0.64,607.9,33.3,6.91,2.073
2026-07-06 02:00:00,Missao_Ambiental,11.4,98.0,1013.2,1.5,210.0,23.1,39.9,0.81,582.5,25.0,3.91,1.743
2026-07-06 03:00:00,Missao_Ambiental,14.5,95.6,1012.3,0.9,319.0,14.8,26.8,0.86,585.5,31.7,5.5,2.029
2026-07-06 04:00:00,Missao_Ambiental,12.8,98.0,1015.0,2.4,64.0,21.5,40.2,0.72,594.0,26.1,4.94,1.947
2026-07-06 05:00:00,Missao_Ambiental,14.3,96.7,1013.9,2.9,213.0,12.6,21.2,0.73,599.3,32.3,8.58,1.954
2026-07-06 06:00:00,Missao_Ambiental,13.6,87.8,1012.4,1.6,288.0,15.4,27.2,0.51,402.1,32.7,8.39,1.851
2026-07-06 07:00:00,Missao_Ambiental,14.8,87.6,1010.6,3.1,345.0,15.8,23.3,0.91,430.8,42.8,9.45,1.868
2026-07-06 08:00:00,Missao_Ambiental,16.7,85.2,1008.7,0.7,250.0,26.3,38.0,0.99,411.7,60.3,4.87,1.915
2026-07-06 09:00:00,Missao_Ambiental,19.9,83.0,1019.2,3.7,244.0,19.1,34.6,1.2,407.7,45.0,5.66,1.864
2026-07-06 10:00:00,Missao_Ambiental,20.4,72.4,1013.3,4.0,158.0,12.7,20.5,0.59,,29.3,9.03,1.95
2026-07-06 11:00:00,Missao_Ambiental,19.8,69.9,1016.7,3.1,43.0,19.0,30.2,0.67,448.3,39.3,5.02,1.81
2026-07-06 12:00:00,Missao_Ambiental,22.4,50.2,1014.0,2.4,93.0,18.5,33.7,0.69,427.7,26.8,3.66,1.7
2026-07-06 13:00:00,Missao_Ambiental,23.2,60.4,1018.0,2.0,276.0,15.8,23.2,0.56,431.5,37.4,5.8,1.884
2026-07-06 14:00:00,Missao_Ambiental,22.7,47.5,1012.3,2.9,98.0,13.2,23.6,0.96,419.7,25.5,1.15,1.971
2026-07-06 15:00:00,Missao_Ambiental,24.9,48.9,1013.2,3.0,337.0,14.0,21.4,0.63,431.9,22.5,6.59,1.791
2026-07-06 16:00:00,Missao_Ambiental,24.4,50.7,1008.2,3.7,41.0,12.7,19.4,0.64,423.0,36.9,3.97,1.905
2026-07-06 17:00:00,Missao_Ambiental,23.7,56.1,1013.5,2.1,196.0,21.3,35.0,0.96,426.5,50.4,1.27,1.819
2026-07-06 18:00:00,Missao_Ambiental,23.0,65.6,1013.1,1.8,290.0,19.0,34.1,1.07,410.3,40.2,5.03,1.824
2026-07-06 19:00:00,Missao_Ambiental,21.1,69.0,1014.0,0.9,317.0,20.2,32.8,1.16,433.2,44.5,5.64,2.155
2026-07-06 20:00:00,Missao_Ambiental,19.9,65.5,1011.7,2.3,279.0,7.1,12.8,0.75,448.1,36.5,5.11,2.002
2026-07-06 21:00:00,Missao_Ambiental,18.1,78.4,1014.5,0.4,286.0,17.7,32.8,0.66,415.0,27.6,4.09,1.934
2026-07-06 22:00:00,Missao_Ambiental,18.9,77.2,1013.1,2.6,348.0,15.5,26.9,0.71,404.1,32.6,5.63,1.979
2026-07-06 23:00:00,Missao_Ambiental,16.4,97.9,1014.7,1.5,29.0,11.2,20.5,0.81,422.5,37.9,3.99,1.991
2026-07-07 00:00:00,Missao_Ambiental,15.3,92.2,1006.6,0.6,178.0,12.4,18.4,0.87,432.6,33.3,5.52,1.871
2026-07-07 01:00:00,Missao_Ambiental,12.3,93.0,1017.8,0.9,234.0,14.1,25.7,0.91,594.1,29.9,4.19,1.926
2026-07-07 02:00:00,Missao_Ambiental,10.8,98.0,1011.6,1.4,63.0,18.6,33.8,0.8,601.1,21.9,6.25,2.055
2026-07-07 03:00:00,Missao_Ambiental,10.8,97.3,1014.5,1.4,314.0,23.1,40.0,0.82,594.1,28.6,7.35,2.052
2026-07-07 04:00:00,Missao_Ambiental,,95.3,1016.3,1.1,197.0,21.2,30.9,0.71,580.0,29.5,6.66,1.915
2026-07-07 05:00:00,Missao_Ambiental,13.7,94.9,1014.5,0.9,271.0,23.7,36.5,0.64,593.5,41.0,5.55,1.872
2026-07-07 06:00:00,Missao_Ambiental,13.7,91.5,1015.4,0.9,107.0,18.6,26.5,0.59,434.3,40.3,5.79,1.886
2026-07-07 07:00:00,Missao_Ambiental,15.1,92.1,1010.2,2.7,34.0,22.7,41.2,1.18,422.8,51.0,0.59,1.954
2026-07-07 08:00:00,Missao_Ambiental,15.7,74.1,1014.5,3.9,321.0,30.0,51.5,0.91,444.6,49.5,6.15,1.772
2026-07-07 09:00:00,Missao_Ambiental,17.7,71.6,1019.5,2.3,342.0,27.5,45.5,1.17,410.7,46.2,4.52,1.794
2026-07-07 10:00:00,Missao_Ambiental,18.8,68.4,1011.7,1.8,350.0,13.5,20.2,0.41,397.4,34.6,6.16,1.783
2026-07-07 11:00:00,Missao_Ambiental,20.6,59.5,1014.0,3.8,185.0,15.9,25.4,0.69,423.2,25.5,5.36,1.836
2026-07-07 12:00:00,Missao_Ambiental,23.5,57.4,1018.7,2.4,357.0,12.8,20.4,0.62,393.0,20.5,6.53,1.941
2026-07-07 13:00:00,Missao_Ambiental,21.3,56.9,1011.6,2.6,93.0,15.0,26.1,0.63,416.0,24.7,1.7,1.842
2026-07-07 14:00:00,Missao_Ambiental,23.5,46.9,1012.6,2.6,29.0,16.4,28.4,0.69,403.6,38.5,5.8,1.902
2026-07-07 15:00:00,Missao_Ambiental,24.8,50.9,1015.9,2.8,261.0,14.6,21.5,0.61,419.5,28.8,5.74,1.749
2026-07-07 16:00:00,Missao_Ambiental,23.1,51.2,1013.5,1.5,124.0,17.8,32.4,0.91,410.3,40.7,3.61,1.974
2026-07-07 17:00:00,Missao_Ambiental,24.4,50.7,1017.2,2.2,296.0,,24.2,0.98,439.6,35.0,8.07,1.99
2026-07-07 18:00:00,Missao_Ambiental,20.9,55.7,1009.7,2.3,320.0,17.7,25.0,1.02,439.7,53.4,4.88,1.883
2026-07-07 19:00:00,Missao_Ambiental,19.0,59.3,1015.9,2.8,131.0,29.2,42.9,1.01,412.9,44.9,7.09,1.901
2026-07-07 20:00:00,Missao_Ambiental,19.0,68.1,1012.7,0.8,58.0,7.2,13.3,0.67,430.5,28.0,8.35,1.93
2026-07-07 21:00:00,Missao_Ambiental,17.9,76.8,1008.3,0.1,195.0,15.1,25.2,0.54,429.6,33.0,2.4,1.857
2026-07-07 22:00:00,Missao_Ambiental,15.5,79.0,1012.5,0.7,97.0,14.6,23.0,0.79,403.9,31.4,10.15,1.826
2026-07-07 23:00:00,Missao_Ambiental,12.0,86.4,1016.3,3.2,223.0,12.6,17.9,0.53,459.7,21.0,6.51,1.937
2026-07-08 00:00:00,Missao_Ambiental,15.1,93.1,1013.9,0.8,45.0,11.7,21.5,0.85,425.7,29.8,8.25,1.896
2026-07-08 01:00:00,Missao_Ambiental,10.7,98.0,1010.3,0.5,274.0,21.1,34.7,0.36,603.8,31.3,5.89,1.923
2026-07-08 02:00:00,Missao_Ambiental,12.8,98.0,1014.7,1.3,72.0,24.8,45.8,0.69,596.9,12.4,7.31,1.916
2026-07-08 03:00:00,Missao_Ambiental,12.0,98.0,1016.4,2.1,249.0,18.5,29.2,0.61,578.6,35.2,7.91,1.941
2026-07-08 04:00:00,Missao_Ambiental,13.1,98.0,1011.1,1.6,271.0,22.9,40.8,0.9,593.3,36.4,5.95,1.829
2026-07-08 05:00:00,Missao_Ambiental,12.6,93.7,1011.0,1.1,126.0,20.6,38.6,0.7,559.6,31.3,6.0,1.835
2026-07-08 06:00:00,Missao_Ambiental,14.5,96.4,1008.2,1.7,84.0,17.9,33.4,0.63,432.4,28.8,5.47,1.74
2026-07-08 07:00:00,Missao_Ambiental,15.8,82.5,1013.2,2.8,129.0,18.2,33.6,1.13,380.0,46.1,9.6,1.999
2026-07-08 08:00:00,Missao_Ambiental,16.7,79.5,1015.4,1.5,296.0,22.5,37.4,1.29,425.9,41.9,5.95,1.758
2026-07-08 09:00:00,Missao_Ambiental,17.2,73.4,1011.4,2.7,270.0,19.1,29.4,1.08,415.1,45.9,7.65,1.831
2026-07-08 10:00:00,Missao_Ambiental,18.8,67.3,1009.0,1.7,303.0,18.5,34.1,0.62,432.8,29.2,6.78,1.892
2026-07-08 11:00:00,Missao_Ambiental,21.3,60.2,1005.7,2.4,228.0,16.5,28.6,0.6,421.3,31.2,4.76,1.875
2026-07-08 12:00:00,Missao_Ambiental,23.0,62.1,1012.6,2.0,344.0,3.1,5.0,0.72,411.7,22.7,4.98,1.888
2026-07-08 13:00:00,Missao_Ambiental,22.7,59.2,1014.0,2.8,76.0,12.9,23.7,1.04,430.1,23.6,2.89,1.965
2026-07-08 14:00:00,Missao_Ambiental,24.2,47.2,1010.4,3.6,232.0,20.6,30.9,0.61,415.1,33.6,4.91,1.887
2026-07-08 15:00:00,Missao_Ambiental,24.0,46.0,1015.2,2.0,5.0,8.3,11.7,0.55,416.6,24.0,0.88,1.885
2026-07-08 16:00:00,Missao_Ambiental,26.7,54.0,1012.9,2.2,347.0,22.5,35.0,0.75,430.7,34.3,6.88,1.902
2026-07-08 17:00:00,Missao_Ambiental,24.0,55.7,1011.9,1.9,6.0,25.5,42.3,0.97,401.4,36.2,6.33,1.904
2026-07-08 18:00:00,Missao_Ambiental,22.5,58.3,1012.3,4.0,143.0,20.0,30.3,5.281774940811623,418.5,35.1,5.65,2.033
2026-07-08 19:00:00,Missao_Ambiental,21.0,63.4,1009.2,0.6,70.0,23.0,41.2,0.93,403.3,46.5,7.0,1.991
2026-07-08 20:00:00,Missao_Ambiental,21.4,64.5,1010.6,0.0,330.0,13.3,24.5,0.44,415.2,30.9,4.33,2.067
2026-07-08 21:00:00,Missao_Ambiental,16.1,75.7,1019.1,1.2,27.0,17.8,29.0,0.63,386.8,39.2,3.15,1.879
2026-07-08 22:00:00,Missao_Ambiental,15.9,83.8,1008.2,1.7,157.0,11.5,19.7,0.74,426.4,30.1,4.72,1.939
2026-07-08 23:00:00,Missao_Ambiental,17.2,86.7,1015.2,0.0,240.0,15.3,27.3,0.54,415.3,30.0,3.5,1.948
2026-07-09 00:00:00,Missao_Ambiental,14.8,90.9,1011.6,1.5,154.0,14.3,24.8,0.65,414.6,26.1,7.49,1.886
2026-07-09 01:00:00,Missao_Ambiental,12.0,98.0,1017.3,0.6,331.0,20.6,32.5,0.81,577.7,34.7,2.06,1.971
2026-07-09 02:00:00,Missao_Ambiental,10.8,98.0,1013.0,0.2,80.0,21.0,32.4,0.69,589.6,33.5,9.95,1.775
2026-07-09 03:00:00,Missao_Ambiental,13.9,98.0,1010.3,0.0,322.0,25.8,42.3,0.66,566.2,29.9,3.5,1.929
2026-07-09 04:00:00,Missao_Ambiental,13.3,97.5,1005.2,1.4,292.0,18.2,31.8,0.86,598.2,37.2,2.44,1.926
2026-07-09 05:00:00,Missao_Ambiental,12.2,96.3,1014.0,0.7,0.0,22.9,32.7,0.34,571.7,23.5,7.36,1.808
2026-07-09 06:00:00,Missao_Ambiental,14.6,94.5,1007.8,1.8,117.0,17.9,26.7,0.81,431.8,28.5,4.8,2.014
2026-07-09 07:00:00,Missao_Ambiental,17.1,91.4,1013.3,1.7,255.0,23.5,39.8,0.99,429.8,36.0,8.1,1.82
2026-07-09 08:00:00,Missao_Ambiental,16.0,82.5,1019.0,5.6,133.0,25.9,42.2,1.23,423.5,48.0,7.33,1.934
2026-07-09 09:00:00,Missao_Ambiental,19.0,72.5,1011.3,1.4,121.0,25.8,43.4,1.22,419.9,49.0,3.82,1.869
2026-07-09 10:00:00,Missao_Ambiental,20.4,71.9,1012.1,2.4,302.0,14.2,21.5,0.79,433.4,33.5,7.0,1.904
2026-07-09 11:00:00,Missao_Ambiental,21.0,59.9,1015.1,2.9,65.0,15.4,24.6,0.93,412.8,24.8,7.39,1.869
2026-07-09 12:00:00,Missao_Ambiental,23.5,59.8,1015.1,1.1,206.0,14.7,22.7,0.62,404.6,21.9,2.96,1.989
2026-07-09 13:00:00,Missao_Ambiental,22.4,59.5,1011.4,0.8,247.0,12.7,20.2,0.7,422.4,33.0,8.23,2.016
2026-07-09 14:00:00,Missao_Ambiental,23.4,45.5,1011.8,2.8,100.0,12.4,23.4,0.47,420.5,25.4,5.54,1.826
2026-07-09 15:00:00,Missao_Ambiental,25.1,54.1,1007.5,1.6,143.0,11.1,18.2,0.62,406.2,24.0,6.41,1.906
2026-07-09 16:00:00,Missao_Ambiental,22.9,51.6,1011.4,2.2,216.0,20.4,31.3,0.91,432.2,23.1,7.64,2.023
2026-07-09 17:00:00,Missao_Ambiental,21.8,49.7,1016.1,2.8,341.0,20.7,35.1,1.12,435.7,52.0,5.54,1.897
2026-07-09 18:00:00,Missao_Ambiental,20.4,59.4,1014.7,2.4,144.0,20.1,34.9,1.14,419.6,44.0,6.45,1.87
2026-07-09 19:00:00,Missao_Ambiental,20.8,65.8,1011.7,0.0,260.0,21.7,37.0,1.07,400.6,49.1,4.99,1.921
2026-07-09 20:00:00,Missao_Ambiental,19.9,67.6,1010.6,0.5,97.0,21.2,36.1,0.67,411.3,31.4,7.0,1.938
2026-07-09 21:00:00,Missao_Ambiental,,78.0,1014.4,0.0,267.0,15.0,21.5,0.98,430.2,28.7,8.15,2.089
2026-07-09 22:00:00,Missao_Ambiental,15.5,75.9,1013.9,1.9,283.0,23.0,35.1,0.61,410.9,40.3,9.99,1.839
2026-07-09 23:00:00,Missao_Ambiental,14.3,90.9,1011.8,1.2,108.0,11.6,19.1,0.72,412.6,38.7,3.49,1.965
2026-07-10 00:00:00,Missao_Ambiental,13.4,91.6,1015.4,1.5,293.0,11.6,17.9,0.77,403.7,25.0,11.9,2.0
2026-07-10 01:00:00,Missao_Ambiental,11.2,91.4,1014.4,1.7,111.0,15.6,25.8,0.52,584.6,24.9,6.35,2.139
2026-07-10 02:00:00,Missao_Ambiental,12.6,97.9,1015.8,1.7,309.0,18.6,31.7,0.96,595.1,24.4,7.11,1.827
2026-07-10 03:00:00,Missao_Ambiental,11.5,98.0,1015.9,2.1,185.0,19.0,30.0,0.78,584.7,28.1,10.85,1.935
2026-07-10 04:00:00,Missao_Ambiental,10.6,96.9,1016.1,3.3,150.0,25.5,44.6,0.37,575.0,33.2,0.73,1.9
2026-07-10 05:00:00,Missao_Ambiental,13.2,98.0,1010.0,1.3,218.0,18.8,27.7,0.6,573.1,33.9,7.72,1.881
2026-07-10 06:00:00,Missao_Ambiental,13.8,86.9,1012.1,2.4,285.0,14.2,23.9,0.61,442.0,36.0,6.56,2.041
2026-07-10 07:00:00,Missao_Ambiental,15.4,89.1,1012.8,3.7,120.0,20.6,30.7,1.29,408.0,44.6,8.47,1.863
2026-07-10 08:00:00,Missao_Ambiental,16.4,81.7,1015.5,0.3,349.0,22.4,32.2,1.0,438.0,42.0,2.25,1.95
2026-07-10 09:00:00,Missao_Ambiental,17.2,70.2,1011.1,2.3,133.0,28.6,49.4,1.04,429.8,38.2,5.6,1.899
2026-07-10 10:00:00,Missao_Ambiental,20.3,71.2,1010.8,2.6,276.0,20.0,35.5,0.78,421.3,38.5,6.82,1.831
2026-07-10 11:00:00,Missao_Ambiental,22.7,65.3,1011.7,2.0,321.0,15.8,28.1,0.75,445.5,36.4,6.38,1.975
2026-07-10 12:00:00,Missao_Ambiental,21.0,58.9,1018.4,2.3,98.0,11.9,18.1,0.57,414.4,21.6,6.03,1.972
2026-07-10 13:00:00,Missao_Ambiental,22.1,59.4,1014.5,3.5,287.0,18.1,27.7,0.56,422.6,33.3,3.65,1.828
2026-07-10 14:00:00,Missao_Ambiental,24.5,47.1,1014.4,1.1,95.0,18.6,33.3,0.8,409.5,33.5,6.52,1.857
2026-07-10 15:00:00,Missao_Ambiental,22.8,42.1,1014.0,0.9,14.0,9.5,17.6,0.89,415.1,34.4,6.67,1.925
2026-07-10 16:00:00,Missao_Ambiental,24.4,44.7,1015.3,3.1,309.0,14.0,20.5,0.64,419.4,29.2,6.67,2.015
2026-07-10 17:00:00,Missao_Ambiental,24.5,48.1,1014.9,3.8,274.0,25.9,44.3,1.38,423.7,51.3,6.29,1.902
2026-07-10 18:00:00,Missao_Ambiental,21.8,63.6,1010.5,4.0,82.0,24.4,45.5,1.1,425.5,32.4,7.25,1.971
2026-07-10 19:00:00,Missao_Ambiental,20.3,63.0,1018.9,0.7,244.0,23.8,35.3,1.06,449.4,45.0,8.02,2.007
2026-07-10 20:00:00,Missao_Ambiental,18.7,66.6,1016.7,2.9,65.0,12.8,22.2,0.99,415.0,32.1,9.11,1.968
2026-07-10 21:00:00,Missao_Ambiental,18.5,76.9,1013.1,1.8,176.0,10.0,16.9,0.67,425.8,28.8,9.51,2.026
2026-07-10 22:00:00,Missao_Ambiental,15.9,80.9,1012.8,0.7,30.0,18.1,33.3,0.76,403.0,33.7,7.26,1.836
2026-07-10 23:00:00,Missao_Ambiental,16.1,85.0,1013.8,2.0,350.0,19.2,27.5,0.7,412.3,28.8,5.59,1.84
2026-07-11 00:00:00,Missao_Ambiental,13.5,86.5,1011.5,0.9,60.0,2.8,5.0,0.41,412.0,13.7,5.03,1.872
2026-07-11 01:00:00,Missao_Ambiental,11.9,91.5,1011.6,1.4,76.0,,18.7,0.53,597.5,14.9,7.15,1.757
2026-07-11 02:00:00,Missao_Ambiental,11.8,98.0,1013.6,3.9,52.0,7.7,12.7,0.6,596.8,15.0,7.83,1.856
2026-07-11 03:00:00,Missao_Ambiental,,97.5,1018.2,0.9,207.0,18.0,33.0,0.58,603.9,8.4,5.44,1.968
2026-07-11 04:00:00,Missao_Ambiental,12.1,93.5,1012.8,2.9,174.0,11.7,21.4,0.64,572.4,14.5,9.13,1.878
2026-07-11 05:00:00,Missao_Ambiental,12.5,95.5,1018.7,2.8,176.0,8.5,14.2,0.58,620.2,13.0,6.43,1.812
2026-07-11 06:00:00,Missao_Ambiental,13.1,89.3,1011.2,2.0,297.0,11.1,20.9,0.45,413.4,21.3,8.44,1.859
2026-07-11 07:00:00,Missao_Ambiental,14.1,86.6,1016.5,2.7,287.0,11.7,17.7,0.33,436.1,18.2,4.32,1.829
2026-07-11 08:00:00,Missao_Ambiental,17.1,86.4,1011.1,3.0,165.0,6.7,11.0,0.44,416.0,16.0,6.58,1.885
2026-07-11 09:00:00,Missao_Ambiental,15.3,66.5,1011.2,3.0,175.0,17.4,33.1,0.27,422.1,28.3,5.23,1.931
2026-07-11 10:00:00,Missao_Ambiental,19.7,60.0,1015.3,2.7,184.0,7.0,9.9,0.48,398.7,30.3,5.43,1.923
2026-07-11 11:00:00,Missao_Ambiental,20.9,60.8,1011.3,2.8,219.0,6.3,10.0,0.4,423.2,27.5,4.93,1.929
2026-07-11 12:00:00,Missao_Ambiental,21.4,60.4,1015.1,4.3,334.0,7.0,9.9,0.46,431.5,27.8,4.56,1.96
2026-07-11 13:00:00,Missao_Ambiental,23.0,53.1,1013.3,2.8,336.0,12.4,21.6,0.26,443.0,17.3,4.22,1.976
2026-07-11 14:00:00,Missao_Ambiental,24.8,56.7,1011.2,2.3,159.0,6.3,11.4,0.29,439.6,18.9,6.65,1.808
2026-07-11 15:00:00,Missao_Ambiental,24.1,38.0,1012.4,0.9,238.0,12.9,21.8,0.6,415.8,30.5,7.86,1.881
2026-07-11 16:00:00,Missao_Ambiental,25.2,46.4,1010.5,1.9,66.0,6.3,11.4,0.2,435.3,16.6,2.36,1.922
2026-07-11 17:00:00,Missao_Ambiental,20.9,53.1,1008.9,4.5,59.0,10.1,18.7,0.33,449.0,14.9,7.09,1.916
2026-07-11 18:00:00,Missao_Ambiental,22.6,62.4,1015.2,2.8,144.0,11.5,16.7,0.56,413.0,34.5,9.03,1.948
2026-07-11 19:00:00,Missao_Ambiental,21.1,61.7,1010.1,1.3,62.0,2.6,4.9,0.57,401.4,14.8,5.17,2.051
2026-07-11 20:00:00,Missao_Ambiental,20.2,63.2,1014.5,0.0,129.0,11.3,18.5,0.55,410.7,11.6,4.83,1.983
2026-07-11 21:00:00,Missao_Ambiental,16.2,63.7,1011.6,1.8,137.0,11.5,18.3,0.55,402.0,17.7,6.38,1.936
2026-07-11 22:00:00,Missao_Ambiental,15.8,81.6,1005.5,0.5,58.0,10.2,17.1,0.49,424.9,21.0,4.07,1.883
2026-07-11 23:00:00,Missao_Ambiental,15.7,88.1,1011.2,1.4,128.0,2.0,3.6,0.65,436.4,27.2,3.26,1.843
2026-07-12 00:00:00,Missao_Ambiental,13.4,89.5,1018.2,0.3,237.0,8.9,13.3,0.38,434.8,18.0,5.81,1.858
2026-07-12 01:00:00,Missao_Ambiental,11.0,97.9,1018.3,1.2,345.0,14.9,27.8,0.44,601.4,24.2,3.46,2.036
2026-07-12 02:00:00,Missao_Ambiental,12.4,98.0,1010.8,3.0,263.0,12.2,22.2,0.52,616.0,20.8,2.07,1.811
2026-07-12 03:00:00,Missao_Ambiental,11.8,98.0,1012.8,2.4,185.0,16.1,25.2,0.22,596.6,22.5,4.27,2.002
2026-07-12 04:00:00,Missao_Ambiental,13.5,98.0,1012.6,1.8,282.0,13.7,23.7,0.43,587.1,22.2,3.41,1.946
2026-07-12 05:00:00,Missao_Ambiental,13.3,89.2,1009.5,0.9,62.0,19.4,35.9,0.41,595.1,15.5,8.1,2.032
2026-07-12 06:00:00,Missao_Ambiental,13.2,90.2,1014.5,2.1,334.0,7.2,10.2,0.46,401.4,27.9,6.15,1.867
2026-07-12 07:00:00,Missao_Ambiental,,87.3,1007.8,4.0,351.0,2.7,4.7,0.53,437.1,18.4,7.69,1.73
2026-07-12 08:00:00,Missao_Ambiental,16.3,79.1,1014.3,3.0,81.0,12.1,22.6,0.4,428.3,14.6,7.68,1.87
2026-07-12 09:00:00,Missao_Ambiental,14.5,73.5,1009.9,0.9,191.0,10.6,19.1,0.3,420.9,22.7,5.08,1.844
2026-07-12 10:00:00,Missao_Ambiental,18.2,61.5,1011.8,2.7,12.0,15.9,23.8,0.35,410.2,24.7,4.0,1.84
2026-07-12 11:00:00,Missao_Ambiental,19.2,60.5,1015.9,3.0,242.0,8.1,12.0,0.66,418.3,28.0,3.61,1.971
2026-07-12 12:00:00,Missao_Ambiental,23.3,64.6,1011.8,3.2,168.0,4.3,6.9,0.74,440.7,8.7,5.26,1.935
2026-07-12 13:00:00,Missao_Ambiental,23.4,55.1,1013.7,3.8,281.0,12.3,18.8,0.37,443.5,22.7,8.37,1.806
2026-07-12 14:00:00,Missao_Ambiental,25.8,56.9,1015.2,4.3,154.0,13.3,20.1,0.37,414.2,24.5,8.74,1.956
2026-07-12 15:00:00,Missao_Ambiental,24.3,46.0,1010.5,3.7,172.0,8.8,14.4,0.56,413.9,31.5,3.44,1.915
2026-07-12 16:00:00,Missao_Ambiental,25.0,45.8,1013.6,3.4,203.0,6.5,9.4,0.48,405.0,26.4,5.65,1.962
2026-07-12 17:00:00,Missao_Ambiental,23.7,50.4,1013.7,0.6,251.0,10.0,17.4,0.5,435.5,20.9,4.24,1.843
2026-07-12 18:00:00,Missao_Ambiental,23.7,63.1,1012.3,2.5,262.0,14.3,24.0,0.29,416.8,17.7,6.46,1.952
2026-07-12 19:00:00,Missao_Ambiental,20.7,59.0,1015.6,1.9,43.0,4.4,6.2,0.37,447.6,20.8,6.16,1.944
2026-07-12 20:00:00,Missao_Ambiental,18.5,68.6,1006.5,2.1,219.0,4.0,5.8,0.39,420.6,18.3,8.84,1.701
2026-07-12 21:00:00,Missao_Ambiental,19.5,76.4,1009.4,0.1,145.0,14.4,22.4,0.65,435.1,14.4,6.43,1.818
2026-07-12 22:00:00,Missao_Ambiental,17.8,85.7,1014.6,1.6,180.0,12.6,18.8,0.7,461.3,13.9,5.28,1.933
2026-07-12 23:00:00,Missao_Ambiental,14.9,83.6,1016.4,3.5,31.0,14.3,21.7,0.82,446.6,22.9,6.0,1.853
2026-07-13 00:00:00,Missao_Ambiental,12.4,96.0,1015.7,0.0,323.0,15.8,27.9,0.91,441.0,21.9,3.27,1.888
2026-07-13 01:00:00,Missao_Ambiental,13.4,98.0,1015.1,1.0,8.0,18.7,33.3,0.7,572.6,37.4,4.07,2.03
2026-07-13 02:00:00,Missao_Ambiental,11.9,98.0,1015.0,1.1,90.0,21.0,39.6,0.57,579.1,29.0,6.16,1.73
2026-07-13 03:00:00,Missao_Ambiental,12.5,96.1,1009.5,0.0,41.0,19.3,30.8,0.86,577.4,41.7,4.95,1.914
2026-07-13 04:00:00,Missao_Ambiental,12.7,98.0,1012.8,0.0,217.0,13.0,20.4,0.94,583.8,24.2,7.01,1.842
2026-07-13 05:00:00,Missao_Ambiental,15.4,98.0,1013.6,2.2,124.0,20.9,30.1,0.93,600.9,30.8,2.85,1.836
2026-07-13 06:00:00,Missao_Ambiental,13.7,92.4,1018.9,1.1,29.0,19.2,27.6,0.77,454.1,27.6,6.98,1.946
2026-07-13 07:00:00,Missao_Ambiental,15.2,87.1,1014.3,0.0,209.0,22.3,36.6,1.15,409.9,42.6,9.98,1.833
2026-07-13 08:00:00,Missao_Ambiental,15.8,80.9,1015.5,2.7,138.0,20.4,29.1,0.86,426.4,47.5,2.45,1.985
2026-07-13 09:00:00,Missao_Ambiental,18.3,80.5,1014.3,3.6,282.0,15.5,29.1,1.34,454.1,50.3,,1.798
2026-07-13 10:00:00,Missao_Ambiental,18.0,69.7,1013.4,1.9,275.0,8.2,14.2,0.74,418.3,25.2,5.22,1.867
2026-07-13 11:00:00,Missao_Ambiental,20.4,57.5,1012.6,1.9,184.0,4.9,8.9,0.67,420.3,23.0,9.39,2.052
2026-07-13 12:00:00,Missao_Ambiental,22.4,61.4,1013.5,1.2,232.0,12.4,17.8,0.84,418.6,29.5,6.1,1.815
2026-07-13 13:00:00,Missao_Ambiental,22.3,48.2,1015.9,0.4,28.0,9.9,16.3,0.99,414.6,29.6,3.98,1.859
2026-07-13 14:00:00,Missao_Ambiental,25.6,53.5,1010.2,0.9,85.0,16.9,28.3,0.88,432.2,29.7,,1.871
2026-07-13 15:00:00,Missao_Ambiental,25.4,47.5,1013.1,2.6,81.0,8.3,15.7,0.46,427.5,26.8,8.44,1.83
2026-07-13 16:00:00,Missao_Ambiental,25.9,43.9,1014.3,3.0,312.0,15.0,22.0,0.67,439.2,16.7,7.01,1.701
2026-07-13 17:00:00,Missao_Ambiental,22.0,59.9,1011.3,1.3,241.0,11.1,17.5,1.0,,56.1,5.79,1.801
2026-07-13 18:00:00,Missao_Ambiental,24.8,63.7,1015.0,1.7,9.0,26.4,44.4,0.99,433.2,38.5,8.75,1.925
2026-07-13 19:00:00,Missao_Ambiental,21.8,68.4,1009.7,1.2,94.0,28.8,47.7,0.86,392.4,44.8,7.28,1.91
2026-07-13 20:00:00,Missao_Ambiental,19.4,63.3,1013.7,0.4,198.0,16.7,30.9,0.34,423.4,36.4,6.45,1.972
2026-07-13 21:00:00,Missao_Ambiental,17.6,80.2,1014.0,1.4,206.0,12.1,18.1,0.6,407.8,23.6,10.25,2.007
2026-07-13 22:00:00,Missao_Ambiental,18.8,76.6,1013.2,0.0,77.0,11.5,20.8,0.49,436.0,33.6,10.61,1.782
2026-07-13 23:00:00,Missao_Ambiental,16.5,92.1,1010.1,2.2,317.0,13.3,20.1,0.79,450.7,30.0,7.56,1.837
2026-07-14 00:00:00,Missao_Ambiental,12.8,97.0,1009.0,0.8,352.0,16.6,25.8,0.75,430.4,34.4,4.03,1.877
2026-07-14 01:00:00,Missao_Ambiental,14.2,98.0,1008.9,1.6,182.0,17.4,30.0,0.45,575.5,34.6,2.91,1.849
2026-07-14 02:00:00,Missao_Ambiental,12.9,96.6,1012.3,1.9,270.0,14.1,20.2,0.55,573.2,29.8,4.38,1.811
2026-07-14 03:00:00,Missao_Ambiental,12.3,98.0,1015.3,0.8,309.0,17.9,31.2,0.78,590.2,32.2,6.01,1.733
2026-07-14 04:00:00,Missao_Ambiental,12.4,98.0,1011.9,0.5,289.0,19.6,33.9,0.77,599.0,33.5,5.72,1.927
2026-07-14 05:00:00,Missao_Ambiental,14.0,98.0,1009.6,2.0,314.0,19.3,35.2,0.99,571.2,27.6,6.36,1.998
2026-07-14 06:00:00,Missao_Ambiental,14.5,89.3,1020.5,2.8,166.0,15.9,27.9,0.78,438.3,36.3,7.74,1.875
2026-07-14 07:00:00,Missao_Ambiental,14.3,88.8,1015.8,2.3,17.0,21.9,37.6,1.11,406.3,40.0,5.72,1.925
2026-07-14 08:00:00,Missao_Ambiental,15.8,86.9,1014.3,2.5,133.0,77.51561232668561,26.7,0.89,435.2,44.1,12.49,2.085
2026-07-14 09:00:00,Missao_Ambiental,17.8,74.6,1016.0,4.2,149.0,27.2,40.7,1.02,,51.4,3.6,1.715
2026-07-14 10:00:00,Missao_Ambiental,20.6,65.2,1006.9,2.6,215.0,14.4,26.8,0.72,413.1,29.0,5.26,1.792
2026-07-14 11:00:00,Missao_Ambiental,20.1,64.6,1014.0,2.7,155.0,14.5,22.8,0.56,441.4,21.2,4.83,1.926
2026-07-14 12:00:00,Missao_Ambiental,23.7,55.5,1010.9,0.5,243.0,19.0,34.8,0.72,424.2,29.9,6.64,1.899
2026-07-14 13:00:00,Missao_Ambiental,22.2,56.6,1013.7,2.5,309.0,15.6,24.5,0.64,430.0,26.7,8.0,1.86
2026-07-14 14:00:00,Missao_Ambiental,22.9,47.8,1007.7,3.0,150.0,18.1,33.5,0.67,388.9,29.5,5.7,1.874
2026-07-14 15:00:00,Missao_Ambiental,22.7,45.3,1014.4,1.9,44.0,10.8,15.5,0.77,422.7,37.8,7.17,1.867
2026-07-14 16:00:00,Missao_Ambiental,24.1,49.9,1013.0,2.2,277.0,11.8,18.2,0.59,399.2,20.4,3.57,1.913
2026-07-14 17:00:00,Missao_Ambiental,22.1,55.4,1013.1,0.5,287.0,24.8,36.7,1.28,407.2,45.6,3.47,1.757
2026-07-14 18:00:00,Missao_Ambiental,21.8,56.8,1011.8,1.3,341.0,23.2,33.7,1.0,419.3,46.1,4.66,1.994
2026-07-14 19:00:00,Missao_Ambiental,19.6,64.5,1016.5,1.7,25.0,16.6,28.5,0.91,405.4,42.6,8.48,1.93
2026-07-14 20:00:00,Missao_Ambiental,18.4,67.3,1011.2,0.5,108.0,19.1,33.4,0.97,436.4,27.2,5.7,1.785
2026-07-14 21:00:00,Missao_Ambiental,17.4,77.0,1016.9,0.1,9.0,10.0,14.3,0.89,399.1,33.5,4.55,1.884
2026-07-14 22:00:00,Missao_Ambiental,15.9,78.3,1013.0,1.0,44.0,16.3,24.1,0.69,424.8,39.9,6.28,1.98
2026-07-14 23:00:00,Missao_Ambiental,13.3,88.1,1009.7,0.0,274.0,15.9,28.1,0.7,434.3,31.5,2.93,1.884
2026-07-15 00:00:00,Missao_Ambiental,14.1,93.4,1007.5,0.3,346.0,12.1,19.1,0.29,422.1,35.1,7.39,1.947
2026-07-15 01:00:00,Missao_Ambiental,11.8,89.0,1011.8,2.2,286.0,20.8,36.8,0.81,594.4,32.3,4.89,1.89
2026-07-15 02:00:00,Missao_Ambiental,14.2,95.4,1017.8,0.9,129.0,15.6,27.7,0.79,566.8,31.3,8.02,1.832
2026-07-15 03:00:00,Missao_Ambiental,10.2,98.0,1012.7,1.7,171.0,20.4,35.8,0.86,582.8,20.3,5.47,1.873
2026-07-15 04:00:00,Missao_Ambiental,13.4,98.0,1009.5,1.4,262.0,26.2,46.8,0.82,588.9,32.3,8.5,1.793
2026-07-15 05:00:00,Missao_Ambiental,12.4,93.6,1014.1,2.4,142.0,24.8,38.9,0.71,596.1,32.6,5.44,1.798
2026-07-15 06:00:00,Missao_Ambiental,14.4,89.3,1019.6,3.1,71.0,16.9,30.9,0.44,409.0,41.3,6.1,1.962
2026-07-15 07:00:00,Missao_Ambiental,14.3,89.0,1013.9,0.6,203.0,17.0,27.0,1.13,425.2,45.5,6.71,1.915
2026-07-15 08:00:00,Missao_Ambiental,17.1,87.3,1014.7,1.5,224.0,20.6,34.3,1.46,423.6,32.5,7.11,1.856
2026-07-15 09:00:00,Missao_Ambiental,20.3,71.9,1007.9,2.0,201.0,23.8,44.3,1.05,389.0,45.2,1.84,1.874
2026-07-15 10:00:00,Missao_Ambiental,21.5,70.0,1010.4,2.5,350.0,24.0,36.4,0.78,380.0,26.2,5.02,1.951
2026-07-15 11:00:00,Missao_Ambiental,21.0,56.9,1010.0,2.7,13.0,19.1,29.2,0.69,412.2,29.5,10.34,1.786
2026-07-15 12:00:00,Missao_Ambiental,20.0,60.5,1011.0,2.2,132.0,15.3,28.8,0.67,444.0,34.8,7.72,1.787
2026-07-15 13:00:00,Missao_Ambiental,21.8,42.0,1010.6,3.5,114.0,17.9,30.5,0.72,395.8,31.8,7.86,1.867
2026-07-15 14:00:00,Missao_Ambiental,24.6,62.1,1012.7,2.9,217.0,15.3,28.6,0.64,404.7,31.2,8.92,1.936
2026-07-15 15:00:00,Missao_Ambiental,25.2,49.1,1015.2,2.8,224.0,12.8,19.2,0.6,422.8,31.8,3.62,1.984
2026-07-15 16:00:00,Missao_Ambiental,24.5,48.0,1008.4,2.4,222.0,14.0,22.9,0.68,414.2,28.2,7.27,1.844
2026-07-15 17:00:00,Missao_Ambiental,25.2,45.7,1016.9,2.3,319.0,,40.7,0.95,437.1,42.7,3.8,2.014
2026-07-15 18:00:00,Missao_Ambiental,22.1,58.2,1016.7,1.5,276.0,24.2,34.7,1.2,397.5,40.3,8.7,1.971
2026-07-15 19:00:00,Missao_Ambiental,20.9,63.5,1012.1,2.6,313.0,18.9,33.6,0.92,443.4,35.8,9.26,1.87
2026-07-15 20:00:00,Missao_Ambiental,19.3,61.0,1011.6,0.2,144.0,14.9,27.4,0.62,424.6,23.4,4.24,2.044
2026-07-15 21:00:00,Missao_Ambiental,17.1,81.6,1012.3,1.2,249.0,13.3,21.1,0.73,419.2,32.0,7.78,1.9
2026-07-15 22:00:00,Missao_Ambiental,17.2,88.0,1014.1,1.5,164.0,5.0,9.4,0.64,412.3,31.5,5.88,1.99
2026-07-15 23:00:00,Missao_Ambiental,15.1,84.5,1016.0,1.0,73.0,15.3,21.8,0.91,420.2,32.9,5.46,1.753
2026-07-16 00:00:00,Missao_Ambiental,13.2,95.9,1012.1,1.0,107.0,13.8,20.9,0.95,412.7,24.2,5.65,1.939
2026-07-16 01:00:00,Missao_Ambiental,12.8,97.9,1018.4,0.9,354.0,16.3,24.3,0.87,580.8,32.2,10.7,1.843
2026-07-16 02:00:00,Missao_Ambiental,11.7,98.0,1014.2,1.5,156.0,13.3,21.2,1.12,604.5,142.74663556921382,0.5,1.946
2026-07-16 03:00:00,Missao_Ambiental,,95.6,1010.0,0.2,146.0,17.0,25.1,0.74,595.4,12.9,4.29,1.81
2026-07-16 04:00:00,Missao_Ambiental,11.9,97.0,1015.4,0.0,327.0,18.9,28.9,0.72,615.8,27.1,6.65,1.756
2026-07-16 05:00:00,Missao_Ambiental,9.9,98.0,1013.0,2.4,217.0,21.1,36.9,0.49,592.1,30.1,2.86,2.008
2026-07-16 06:00:00,Missao_Ambiental,13.0,94.7,1008.3,1.3,155.0,14.1,25.3,0.95,392.4,35.4,4.82,1.956
2026-07-16 07:00:00,Missao_Ambiental,15.0,81.3,1013.5,4.7,160.0,21.9,40.1,1.15,423.1,38.5,6.47,1.983
2026-07-16 08:00:00,Missao_Ambiental,15.4,87.2,1012.7,1.6,142.0,20.1,37.9,1.16,431.4,43.2,5.88,1.939
2026-07-16 09:00:00,Missao_Ambiental,18.3,67.0,1009.6,3.4,265.0,15.3,23.8,0.9,389.7,44.4,4.8,1.823
2026-07-16 10:00:00,Missao_Ambiental,19.5,70.0,1019.3,1.0,354.0,17.5,30.8,0.55,408.3,31.2,5.08,1.915
2026-07-16 11:00:00,Missao_Ambiental,22.8,64.9,1014.5,2.1,11.0,13.8,20.8,0.9,438.1,20.8,3.89,1.91
2026-07-16 12:00:00,Missao_Ambiental,21.1,54.2,1011.7,1.1,253.0,12.1,19.3,0.53,410.5,34.4,5.61,1.863
2026-07-16 13:00:00,Missao_Ambiental,23.2,46.4,1014.5,2.9,304.0,20.0,31.1,0.56,422.3,28.0,5.96,1.891
2026-07-16 14:00:00,Missao_Ambiental,25.3,46.5,1010.7,3.5,292.0,12.5,22.0,0.45,430.2,23.1,7.51,1.916
2026-07-16 15:00:00,Missao_Ambiental,24.6,47.4,1008.0,3.0,171.0,17.8,32.8,0.45,449.2,36.2,4.69,1.902
2026-07-16 16:00:00,Missao_Ambiental,23.7,44.5,1010.2,1.9,181.0,9.8,16.0,0.59,426.1,34.3,6.45,1.874
2026-07-16 17:00:00,Missao_Ambiental,23.9,56.1,1013.9,1.7,300.0,29.0,47.2,1.23,412.1,45.2,4.66,1.918
2026-07-16 18:00:00,Missao_Ambiental,20.2,55.1,1009.7,2.6,249.0,19.6,28.5,1.15,384.4,57.3,6.59,1.838
2026-07-16 19:00:00,Missao_Ambiental,21.2,63.2,1011.0,1.4,40.0,20.0,31.9,0.99,422.2,48.5,7.03,1.966
2026-07-16 20:00:00,Missao_Ambiental,19.9,66.4,1015.5,0.0,123.0,15.7,22.2,0.7,436.2,35.7,6.97,1.986
2026-07-16 21:00:00,Missao_Ambiental,16.9,76.4,1012.6,2.0,14.0,18.7,32.7,0.65,410.0,29.6,3.88,1.7
2026-07-16 22:00:00,Missao_Ambiental,16.7,83.9,1013.8,0.0,24.0,14.1,23.1,0.75,440.5,23.5,8.51,1.976
2026-07-16 23:00:00,Missao_Ambiental,13.9,83.0,1014.1,0.4,14.0,18.4,34.0,0.76,393.3,16.6,6.45,1.855
2026-07-17 00:00:00,Missao_Ambiental,13.1,95.5,1016.5,0.9,316.0,15.6,23.3,0.48,428.3,34.1,2.13,1.839
2026-07-17 01:00:00,Missao_Ambiental,11.7,97.1,1014.4,2.7,67.0,18.2,26.0,0.65,605.2,31.8,8.54,1.923
2026-07-17 02:00:00,Missao_Ambiental,10.8,93.8,1008.3,1.9,10.0,23.1,39.0,0.93,600.6,37.0,4.84,1.807
2026-07-17 03:00:00,Missao_Ambiental,13.0,98.0,1013.3,1.6,66.0,27.6,49.4,0.91,600.7,33.1,5.08,1.961
2026-07-17 04:00:00,Missao_Ambiental,10.5,98.0,1009.4,1.5,256.0,18.0,29.6,0.62,594.3,26.5,7.76,1.9
2026-07-17 05:00:00,Missao_Ambiental,13.3,92.8,1011.2,0.7,246.0,26.0,40.4,0.8,555.5,22.8,4.08,1.792
2026-07-17 06:00:00,Missao_Ambiental,11.9,94.3,1012.4,2.9,322.0,15.6,28.9,0.61,429.9,29.6,3.63,1.985
2026-07-17 07:00:00,Missao_Ambiental,14.3,83.8,1012.5,1.6,286.0,17.0,24.6,1.16,412.7,51.4,6.99,2.066
2026-07-17 08:00:00,Missao_Ambiental,17.9,86.0,1008.8,3.3,14.0,25.5,43.0,1.06,427.5,39.7,7.48,1.849
2026-07-17 09:00:00,Missao_Ambiental,18.3,73.8,1012.3,3.3,227.0,14.7,22.9,0.79,425.6,48.5,5.8,1.895
2026-07-17 10:00:00,Missao_Ambiental,20.0,67.6,1017.2,3.3,93.0,20.2,29.8,0.51,,33.9,3.86,2.038
2026-07-17 11:00:00,Missao_Ambiental,19.9,63.4,1015.4,1.9,360.0,11.7,20.3,0.59,441.8,30.1,4.81,1.876
2026-07-17 12:00:00,Missao_Ambiental,23.2,55.0,1010.8,2.3,123.0,14.5,23.3,0.74,411.5,35.0,6.42,1.821
2026-07-17 13:00:00,Missao_Ambiental,23.2,56.5,1012.4,3.7,255.0,11.3,17.9,0.8,410.8,31.2,7.09,1.726
2026-07-17 14:00:00,Missao_Ambiental,23.8,51.5,1012.2,3.8,287.0,18.1,29.1,0.75,444.5,37.9,3.82,1.88
2026-07-17 15:00:00,Missao_Ambiental,23.6,52.0,1015.1,1.7,115.0,9.4,17.7,0.72,441.6,26.9,6.11,1.875
2026-07-17 16:00:00,Missao_Ambiental,25.2,39.5,1013.0,2.4,259.0,21.1,32.0,0.66,425.3,37.6,4.67,1.841
2026-07-17 17:00:00,Missao_Ambiental,24.5,55.1,1008.4,2.0,312.0,19.2,31.6,1.37,427.8,37.7,1.97,1.7
2026-07-17 18:00:00,Missao_Ambiental,23.2,57.8,1012.3,3.9,259.0,20.7,31.0,1.48,395.7,43.6,5.5,1.95
2026-07-17 19:00:00,Missao_Ambiental,21.1,65.0,1015.1,3.4,47.0,18.4,31.5,1.04,442.2,43.3,4.87,1.862
2026-07-17 20:00:00,Missao_Ambiental,20.4,67.9,1011.1,2.9,186.0,9.5,16.1,0.86,427.2,23.7,7.65,1.823
2026-07-17 21:00:00,Missao_Ambiental,18.8,79.4,1015.6,1.5,28.0,9.7,18.4,0.6,442.1,25.8,3.93,1.953
2026-07-17 22:00:00,Missao_Ambiental,15.5,77.7,1008.7,0.7,7.0,9.3,13.1,0.53,434.3,33.2,5.62,1.884
2026-07-17 23:00:00,Missao_Ambiental,15.6,92.6,1013.4,0.7,111.0,19.5,35.2,0.63,428.7,29.2,8.81,1.861
2026-07-18 00:00:00,Missao_Ambiental,14.9,92.5,1011.2,1.8,290.0,7.7,14.4,0.6,465.8,27.1,7.45,1.909
2026-07-18 01:00:00,Missao_Ambiental,14.0,98.0,1013.1,0.9,165.0,10.3,17.9,0.48,621.9,20.1,3.62,1.896
2026-07-18 02:00:00,Missao_Ambiental,10.9,98.0,1013.9,2.2,57.0,13.5,19.4,0.56,577.5,24.2,7.04,1.94
2026-07-18 03:00:00,Missao_Ambiental,12.0,98.0,1017.8,0.9,48.0,,30.9,0.78,614.6,18.5,5.53,1.867
2026-07-18 04:00:00,Missao_Ambiental,11.6,98.0,1008.5,2.5,284.0,16.1,24.4,0.29,608.1,22.3,4.01,1.92
2026-07-18 05:00:00,Missao_Ambiental,11.4,95.6,1016.1,2.0,38.0,18.9,35.3,0.48,607.7,20.1,1.36,1.963
2026-07-18 06:00:00,Missao_Ambiental,13.7,97.5,1009.7,0.0,305.0,8.2,12.8,0.66,,18.2,7.46,1.848
2026-07-18 07:00:00,Missao_Ambiental,12.5,86.8,1012.2,2.1,342.0,6.1,9.9,0.4,437.3,8.3,,1.959
2026-07-18 08:00:00,Missao_Ambiental,17.1,81.2,1008.8,1.8,88.0,15.9,23.9,0.44,451.4,17.5,7.51,1.747
2026-07-18 09:00:00,Missao_Ambiental,18.8,71.8,1013.9,2.3,127.0,5.8,10.7,0.65,427.6,18.9,4.31,1.899
2026-07-18 10:00:00,Missao_Ambiental,19.5,69.5,1013.3,3.3,97.0,13.6,25.8,0.67,443.0,12.9,7.18,1.95
2026-07-18 11:00:00,Missao_Ambiental,18.7,62.9,1011.6,1.7,135.0,10.6,15.3,0.72,440.3,19.2,8.33,1.942
2026-07-18 12:00:00,Missao_Ambiental,19.6,55.2,1011.3,3.0,184.0,19.0,35.6,0.44,447.7,34.1,7.74,1.976
2026-07-18 13:00:00,Missao_Ambiental,23.4,52.8,1011.6,1.7,90.0,4.1,6.7,0.37,432.9,19.8,6.29,1.858
2026-07-18 14:00:00,Missao_Ambiental,27.5,56.3,1009.3,2.7,71.0,13.1,19.7,0.23,419.8,25.8,7.99,2.01
2026-07-18 15:00:00,Missao_Ambiental,23.0,51.9,1014.9,2.0,75.0,10.4,16.7,0.42,433.4,23.8,4.36,1.802
2026-07-18 16:00:00,Missao_Ambiental,23.1,50.4,1009.8,2.5,144.0,14.4,25.9,0.38,424.1,13.9,3.95,1.87
2026-07-18 17:00:00,Missao_Ambiental,24.0,57.1,1011.5,1.3,38.0,6.0,11.4,0.53,422.2,28.0,7.65,1.913
2026-07-18 18:00:00,Missao_Ambiental,20.7,58.2,1016.2,2.1,232.0,13.2,24.4,0.53,455.0,21.8,7.17,2.013
2026-07-18 19:00:00,Missao_Ambiental,21.5,60.5,1011.7,1.4,167.0,7.6,10.7,0.33,446.4,6.9,9.07,1.99
2026-07-18 20:00:00,Missao_Ambiental,19.0,70.7,1013.0,2.4,353.0,8.4,14.4,0.39,438.8,18.8,6.17,1.842
2026-07-18 21:00:00,Missao_Ambiental,20.1,79.2,1010.8,0.0,304.0,11.6,19.5,0.41,441.8,25.8,6.65,1.789
2026-07-18 22:00:00,Missao_Ambiental,16.2,85.7,1012.8,1.7,51.0,11.7,18.3,0.46,420.2,18.6,4.12,1.99
2026-07-18 23:00:00,Missao_Ambiental,14.6,93.3,1017.6,1.1,138.0,2.0,3.2,0.34,450.7,20.7,6.78,1.722
2026-07-19 00:00:00,Missao_Ambiental,12.3,96.2,1013.9,1.1,260.0,17.0,24.0,0.63,432.9,34.4,1.8,1.955
2026-07-19 01:00:00,Missao_Ambiental,12.7,98.0,1011.0,1.2,14.0,14.7,24.3,0.75,610.1,14.9,5.15,1.864
2026-07-19 02:00:00,Missao_Ambiental,10.0,97.8,1015.2,0.0,234.0,12.2,17.5,0.66,622.0,24.4,6.02,1.881
2026-07-19 03:00:00,Missao_Ambiental,,98.0,1006.7,3.2,340.0,11.5,18.8,0.51,595.2,10.4,10.55,1.801
2026-07-19 04:00:00,Missao_Ambiental,11.0,97.4,1016.9,1.2,239.0,15.5,28.8,0.45,609.0,23.2,7.43,2.092
2026-07-19 05:00:00,Missao_Ambiental,15.4,93.9,1017.9,1.6,101.0,10.1,16.2,0.5,610.4,26.4,1.85,1.898
2026-07-19 06:00:00,Missao_Ambiental,15.1,91.9,1015.2,2.9,73.0,8.3,12.9,0.59,440.6,20.1,5.72,1.866
2026-07-19 07:00:00,Missao_Ambiental,14.6,91.7,1012.0,1.2,139.0,10.2,16.9,0.51,429.7,21.7,3.64,1.882
2026-07-19 08:00:00,Missao_Ambiental,17.2,75.2,1013.6,2.6,317.0,15.8,26.6,0.49,415.1,20.8,6.17,1.814
2026-07-19 09:00:00,Missao_Ambiental,19.1,84.3,1012.9,3.0,23.0,14.4,27.3,0.51,,15.8,3.22,2.036
2026-07-19 10:00:00,Missao_Ambiental,19.4,67.1,1015.7,1.4,342.0,12.8,18.3,0.39,418.5,20.4,8.06,1.94
2026-07-19 11:00:00,Missao_Ambiental,21.3,62.8,1014.2,2.7,186.0,9.9,14.5,0.33,422.8,35.2,5.92,1.788
2026-07-19 12:00:00,Missao_Ambiental,22.1,59.4,1018.0,1.9,217.0,6.7,10.1,0.23,426.1,19.6,7.38,1.845
2026-07-19 13:00:00,Missao_Ambiental,22.9,53.3,1013.4,2.6,308.0,8.3,14.9,0.5,435.9,22.7,2.84,1.904
2026-07-19 14:00:00,Missao_Ambiental,24.4,53.8,1010.9,1.8,285.0,7.9,14.4,0.64,443.6,20.7,5.75,1.883
2026-07-19 15:00:00,Missao_Ambiental,24.9,51.3,1019.8,1.6,68.0,9.4,13.6,0.22,432.1,37.5,5.63,1.81
2026-07-19 16:00:00,Missao_Ambiental,24.1,42.6,1012.7,2.5,274.0,6.1,8.7,0.69,418.5,13.2,6.62,1.798
2026-07-19 17:00:00,Missao_Ambiental,22.7,49.4,1014.6,4.3,139.0,15.8,22.2,0.18,433.3,17.3,5.6,1.929
2026-07-19 18:00:00,Missao_Ambiental,23.5,49.5,1011.9,2.7,241.0,6.4,9.1,0.11,438.3,16.5,2.31,1.866
2026-07-19 19:00:00,Missao_Ambiental,22.2,61.2,1010.5,2.1,42.0,10.7,18.1,0.46,465.7,25.0,8.32,1.86
2026-07-19 20:00:00,Missao_Ambiental,18.3,68.8,1013.3,0.1,337.0,12.6,22.5,0.42,434.4,17.0,4.97,1.804
2026-07-19 21:00:00,Missao_Ambiental,20.1,75.1,1012.3,0.3,175.0,14.9,22.1,0.51,439.0,25.7,9.62,1.94
2026-07-19 22:00:00,Missao_Ambiental,15.2,80.4,1013.9,3.3,230.0,12.3,20.8,0.44,428.5,14.9,7.5,1.952
2026-07-19 23:00:00,Missao_Ambiental,16.2,87.4,1011.2,0.0,323.0,10.8,19.8,0.58,415.5,16.8,5.07,1.781
2026-07-20 00:00:00,Missao_Ambiental,12.8,88.1,1011.8,0.5,206.0,6.5,11.5,0.61,424.1,32.5,8.38,1.835
2026-07-20 01:00:00,Missao_Ambiental,14.1,94.5,1009.0,1.9,200.0,28.6,43.4,0.78,,34.7,3.06,1.799
2026-07-20 02:00:00,Missao_Ambiental,11.3,98.0,1011.1,1.9,244.0,21.3,37.7,0.92,569.7,38.2,4.79,1.973
2026-07-20 03:00:00,Missao_Ambiental,13.9,98.0,1008.5,0.3,165.0,28.2,52.2,0.8,584.9,28.1,7.72,1.944
2026-07-20 04:00:00,Missao_Ambiental,11.9,98.0,1012.6,0.3,83.0,24.1,34.7,0.61,583.9,37.4,4.39,1.915
2026-07-20 05:00:00,Missao_Ambiental,12.0,95.6,1008.5,1.0,336.0,16.2,27.2,0.65,604.3,31.3,6.4,1.899
2026-07-20 06:00:00,Missao_Ambiental,13.1,93.5,1014.4,0.8,110.0,19.3,32.5,0.69,408.4,27.0,4.97,1.836
2026-07-20 07:00:00,Missao_Ambiental,14.6,90.6,1009.8,2.9,155.0,25.6,41.6,0.95,415.9,31.8,2.0,1.903
2026-07-20 08:00:00,Missao_Ambiental,17.2,83.0,1013.5,3.7,297.0,18.3,28.5,0.84,392.9,43.4,5.91,1.909
2026-07-20 09:00:00,Missao_Ambiental,18.1,71.3,1012.4,1.0,156.0,24.2,39.0,1.2,401.4,38.2,3.81,1.895
2026-07-20 10:00:00,Missao_Ambiental,20.1,71.5,1020.7,0.3,351.0,12.3,18.5,0.8,406.4,40.1,7.68,1.902
2026-07-20 11:00:00,Missao_Ambiental,22.6,56.4,1009.0,0.3,216.0,18.8,28.9,0.5,423.6,34.4,2.21,1.925
2026-07-20 12:00:00,Missao_Ambiental,20.8,55.7,1014.6,2.6,181.0,15.2,23.9,0.61,416.9,36.7,4.95,1.858
2026-07-20 13:00:00,Missao_Ambiental,22.3,56.9,1010.9,3.1,116.0,17.1,31.9,0.71,411.4,22.9,6.07,1.805
2026-07-20 14:00:00,Missao_Ambiental,24.9,50.5,1012.5,3.2,177.0,8.6,12.9,0.66,421.6,27.9,7.38,1.851
2026-07-20 15:00:00,Missao_Ambiental,23.9,54.7,1014.0,2.4,72.0,11.6,17.2,0.58,431.3,28.7,3.3,2.041
2026-07-20 16:00:00,Missao_Ambiental,24.2,45.2,1011.7,2.6,145.0,19.8,34.0,0.87,410.6,28.3,3.93,1.884
2026-07-20 17:00:00,Missao_Ambiental,23.2,56.0,1016.3,1.8,179.0,25.4,46.6,0.99,415.1,45.7,9.03,1.931
2026-07-20 18:00:00,Missao_Ambiental,21.8,55.3,1012.5,4.1,161.0,24.1,41.9,0.76,421.2,45.2,1.23,1.96
2026-07-20 19:00:00,Missao_Ambiental,21.2,64.2,1010.9,0.8,303.0,27.2,44.5,0.9,426.5,37.3,5.74,1.848
2026-07-20 20:00:00,Missao_Ambiental,16.9,74.9,1015.1,1.7,278.0,17.3,31.4,0.73,412.7,35.1,3.9,1.7
2026-07-20 21:00:00,Missao_Ambiental,17.7,74.4,1013.4,1.9,240.0,13.4,22.9,0.82,427.6,33.8,3.52,1.78
2026-07-20 22:00:00,Missao_Ambiental,15.6,78.8,1015.3,0.6,101.0,14.5,26.6,0.51,417.3,29.3,8.58,1.84
2026-07-20 23:00:00,Missao_Ambiental,16.6,88.3,1012.5,3.7,14.0,14.3,21.1,0.74,401.5,35.7,9.38,2.034
2026-07-21 00:00:00,Missao_Ambiental,15.2,91.9,1011.9,0.0,194.0,18.9,30.2,0.82,405.4,32.4,5.65,1.951
2026-07-21 01:00:00,Missao_Ambiental,12.7,90.8,1013.2,2.2,335.0,12.8,18.7,0.25,578.6,34.5,6.06,1.955
2026-07-21 02:00:00,Missao_Ambiental,13.5,98.0,1013.8,0.2,12.0,15.3,22.8,0.72,573.3,18.3,4.66,1.915
2026-07-21 03:00:00,Missao_Ambiental,10.4,98.0,1018.7,2.2,200.0,16.8,29.9,0.9,578.3,13.6,8.37,2.023
2026-07-21 04:00:00,Missao_Ambiental,11.5,98.0,1010.7,1.6,128.0,24.8,35.3,0.77,594.1,28.3,6.23,1.937
2026-07-21 05:00:00,Missao_Ambiental,12.6,96.2,1012.4,2.2,259.0,19.5,29.2,0.84,601.5,30.2,7.32,2.041
2026-07-21 06:00:00,Missao_Ambiental,15.0,93.1,1011.5,0.0,25.0,10.7,20.0,0.54,415.2,19.3,4.12,1.938
2026-07-21 07:00:00,Missao_Ambiental,17.1,87.1,1014.0,3.5,241.0,23.0,35.2,1.01,422.3,46.8,4.43,1.957
2026-07-21 08:00:00,Missao_Ambiental,18.9,77.4,1012.0,2.7,346.0,20.3,36.8,1.16,380.0,53.2,7.52,1.761
2026-07-21 09:00:00,Missao_Ambiental,17.3,81.3,1017.3,3.4,256.0,14.9,22.7,1.04,435.2,44.7,8.76,1.846
2026-07-21 10:00:00,Missao_Ambiental,19.5,64.8,1013.0,1.0,84.0,19.9,35.5,0.65,394.0,38.0,10.99,1.904
2026-07-21 11:00:00,Missao_Ambiental,20.2,73.8,1009.0,2.5,293.0,10.1,18.0,0.74,405.7,27.9,3.99,1.904
2026-07-21 12:00:00,Missao_Ambiental,21.6,51.3,1016.8,2.0,164.0,12.3,20.4,0.61,425.0,23.7,9.42,1.942
2026-07-21 13:00:00,Missao_Ambiental,22.7,50.4,1012.7,3.1,3.0,12.0,20.1,0.71,414.9,17.5,7.95,1.924
2026-07-21 14:00:00,Missao_Ambiental,22.9,58.4,1013.3,1.5,102.0,14.9,27.3,0.67,425.9,27.4,6.9,1.879
2026-07-21 15:00:00,Missao_Ambiental,24.7,42.4,1011.7,4.2,92.0,16.7,23.4,0.56,413.3,22.7,1.58,1.882
2026-07-21 16:00:00,Missao_Ambiental,24.0,50.6,1012.6,2.5,155.0,12.9,18.7,0.83,428.7,188.28042368348738,4.74,1.908
2026-07-21 17:00:00,Missao_Ambiental,23.6,49.4,1013.1,1.0,196.0,22.1,40.2,1.07,414.2,46.2,5.96,1.822
2026-07-21 18:00:00,Missao_Ambiental,22.2,52.4,1017.2,1.1,46.0,15.0,27.7,1.0,412.2,50.1,6.06,1.941
2026-07-21 19:00:00,Missao_Ambiental,19.8,56.9,1013.3,0.9,159.0,15.4,27.0,1.51,430.5,40.0,6.62,1.796
2026-07-21 20:00:00,Missao_Ambiental,20.1,67.1,1013.1,1.9,127.0,17.8,29.7,0.53,417.9,33.5,5.79,2.055
2026-07-21 21:00:00,Missao_Ambiental,15.9,75.4,1008.1,0.0,254.0,13.7,19.5,0.79,466.5,28.5,7.02,1.848
2026-07-21 22:00:00,Missao_Ambiental,16.8,80.5,1011.8,3.0,195.0,14.1,22.4,0.9,460.5,28.6,8.21,2.015
2026-07-21 23:00:00,Missao_Ambiental,15.3,84.1,1005.7,1.9,212.0,13.8,20.5,0.59,,31.6,3.77,1.996
2026-07-22 00:00:00,Missao_Ambiental,13.0,86.0,1012.7,1.2,292.0,7.3,10.4,0.76,403.5,34.9,6.37,1.866
2026-07-22 01:00:00,Missao_Ambiental,10.5,98.0,1009.3,0.6,241.0,,23.2,1.0,598.8,26.7,11.85,1.82
2026-07-22 02:00:00,Missao_Ambiental,11.1,96.9,1013.7,0.7,71.0,16.5,26.5,0.96,554.6,26.9,,1.849
2026-07-22 03:00:00,Missao_Ambiental,13.5,98.0,1012.0,0.0,70.0,19.5,29.5,0.75,578.2,27.7,4.73,1.917
2026-07-22 04:00:00,Missao_Ambiental,12.6,95.5,1016.8,0.2,201.0,23.3,34.0,0.53,551.9,38.4,7.34,1.78
2026-07-22 05:00:00,Missao_Ambiental,11.0,98.0,1010.8,0.4,173.0,23.0,36.4,0.69,567.0,20.9,6.9,1.981
2026-07-22 06:00:00,Missao_Ambiental,11.9,97.0,1013.1,3.6,143.0,22.8,32.1,0.71,417.7,36.4,4.21,1.869
2026-07-22 07:00:00,Missao_Ambiental,14.8,75.9,1018.0,1.6,152.0,22.0,39.7,1.15,416.5,39.6,7.6,1.75
2026-07-22 08:00:00,Missao_Ambiental,17.2,77.1,1016.8,2.7,45.0,22.3,41.8,0.92,393.7,39.8,7.34,1.913
2026-07-22 09:00:00,Missao_Ambiental,19.4,76.6,1010.1,1.7,283.0,21.0,34.7,1.0,445.1,47.7,8.45,1.774
2026-07-22 10:00:00,Missao_Ambiental,21.0,77.5,1009.0,3.3,30.0,13.2,21.8,0.66,427.4,35.0,4.8,1.993
2026-07-22 11:00:00,Missao_Ambiental,19.0,56.5,1013.4,2.5,60.0,17.2,30.1,0.64,418.2,33.6,5.11,2.064
2026-07-22 12:00:00,Missao_Ambiental,21.3,65.7,1013.1,1.1,190.0,16.8,29.1,0.84,425.1,26.4,7.95,1.9
2026-07-22 13:00:00,Missao_Ambiental,24.0,44.7,1014.3,1.9,3.0,15.6,27.4,0.54,423.6,32.9,4.0,2.03
2026-07-22 14:00:00,Missao_Ambiental,26.2,52.4,1017.8,1.9,188.0,16.4,30.3,0.83,405.0,33.1,7.73,1.914
2026-07-22 15:00:00,Missao_Ambiental,25.4,45.1,1014.4,1.3,121.0,11.7,17.4,0.57,416.8,35.0,5.36,1.773
2026-07-22 16:00:00,Missao_Ambiental,25.2,47.5,1012.8,2.9,310.0,9.7,16.9,0.75,452.7,31.2,5.71,1.977
2026-07-22 17:00:00,Missao_Ambiental,23.5,54.9,1020.5,2.2,117.0,21.2,36.3,1.04,390.5,41.5,2.73,1.866
2026-07-22 18:00:00,Missao_Ambiental,22.8,53.8,1008.7,2.6,115.0,18.7,27.6,1.1,432.3,49.9,7.91,1.997
2026-07-22 19:00:00,Missao_Ambiental,23.6,61.1,1013.3,0.8,280.0,12.6,19.4,1.08,440.7,51.1,5.27,1.968
2026-07-22 20:00:00,Missao_Ambiental,20.0,74.5,1013.2,2.2,186.0,20.6,38.8,0.79,420.7,34.3,,2.091
2026-07-22 21:00:00,Missao_Ambiental,18.2,73.9,1010.5,2.3,110.0,13.0,22.1,0.8,422.8,32.7,9.41,1.838
2026-07-22 22:00:00,Missao_Ambiental,14.9,77.9,1009.0,2.5,18.0,14.6,26.0,0.65,438.3,30.8,5.81,1.873
2026-07-22 23:00:00,Missao_Ambiental,14.6,81.3,1013.8,1.2,199.0,16.0,23.5,0.76,417.6,24.8,6.14,1.959
2026-07-23 00:00:00,Missao_Ambiental,12.4,93.0,1013.7,0.5,329.0,16.9,24.3,0.55,403.0,32.1,4.21,1.985
2026-07-23 01:00:00,Missao_Ambiental,15.6,93.2,1014.6,0.5,109.0,16.3,28.4,0.79,584.9,23.8,7.64,1.833
2026-07-23 02:00:00,Missao_Ambiental,12.9,97.8,1012.7,1.3,221.0,19.3,33.9,0.6,605.6,39.0,4.37,1.784
2026-07-23 03:00:00,Missao_Ambiental,12.4,97.8,1018.6,1.2,90.0,15.5,21.9,0.53,604.3,26.6,6.09,1.976
2026-07-23 04:00:00,Missao_Ambiental,11.6,98.0,1013.0,1.9,123.0,25.5,38.5,1.05,616.4,24.7,4.45,1.83
2026-07-23 05:00:00,Missao_Ambiental,13.7,98.0,1012.5,0.3,83.0,13.5,25.2,0.74,590.2,35.2,3.5,1.777
2026-07-23 06:00:00,Missao_Ambiental,15.7,90.2,1016.4,2.3,340.0,17.2,24.9,0.43,414.3,22.1,6.67,1.879
2026-07-23 07:00:00,Missao_Ambiental,14.8,82.7,1017.8,3.4,138.0,22.4,36.3,1.24,419.1,40.5,6.83,1.993
2026-07-23 08:00:00,Missao_Ambiental,16.4,86.6,1016.2,1.4,284.0,21.4,34.5,0.8,398.5,42.1,5.4,1.871
2026-07-23 09:00:00,Missao_Ambiental,17.3,70.6,1019.9,4.4,235.0,27.9,39.7,0.9,419.1,41.0,7.97,1.91
2026-07-23 10:00:00,Missao_Ambiental,19.0,63.3,1010.3,0.9,54.0,20.1,32.6,0.72,438.0,29.8,5.83,2.05
2026-07-23 11:00:00,Missao_Ambiental,21.6,61.2,1008.7,2.9,97.0,12.6,20.7,0.91,416.7,35.8,4.74,1.904
2026-07-23 12:00:00,Missao_Ambiental,21.3,58.8,1012.4,1.6,233.0,,15.8,0.8,410.9,33.0,7.07,1.951
2026-07-23 13:00:00,Missao_Ambiental,21.2,57.4,1011.3,2.1,184.0,7.2,11.8,0.88,440.8,21.9,3.99,1.873
2026-07-23 14:00:00,Missao_Ambiental,25.5,53.9,1012.5,2.8,342.0,15.0,21.4,0.62,421.1,35.8,7.93,1.94
2026-07-23 15:00:00,Missao_Ambiental,23.6,53.0,1012.7,1.4,215.0,14.1,26.1,0.65,401.9,30.3,6.23,1.915
2026-07-23 16:00:00,Missao_Ambiental,24.9,54.9,1011.2,1.9,248.0,13.1,23.5,0.5,416.4,38.8,7.01,1.935
2026-07-23 17:00:00,Missao_Ambiental,21.8,56.1,1010.2,1.4,42.0,18.1,29.5,0.98,434.4,51.8,2.11,1.978
2026-07-23 18:00:00,Missao_Ambiental,21.3,60.8,1012.8,2.5,302.0,29.9,45.2,0.96,436.5,49.3,10.65,1.858
2026-07-23 19:00:00,Missao_Ambiental,22.1,62.1,1016.7,1.2,288.0,15.9,25.5,1.01,412.2,48.7,8.78,1.909
2026-07-23 20:00:00,Missao_Ambiental,21.1,63.1,1011.7,0.9,286.0,13.3,24.3,0.65,422.1,29.7,4.15,1.891
2026-07-23 21:00:00,Missao_Ambiental,17.8,74.3,1013.1,1.3,288.0,7.8,11.8,0.56,461.7,23.8,3.29,1.959
2026-07-23 22:00:00,Missao_Ambiental,,80.5,1019.4,0.0,157.0,20.7,36.1,0.63,412.3,34.1,8.78,2.043
2026-07-23 23:00:00,Missao_Ambiental,14.7,78.3,1010.5,0.8,77.0,15.7,27.2,0.62,417.4,36.6,6.72,1.905
2026-07-24 00:00:00,Missao_Ambiental,14.8,93.0,1019.2,0.0,294.0,9.3,15.3,0.79,432.6,34.5,2.12,1.9
2026-07-24 01:00:00,Missao_Ambiental,10.9,94.0,1010.3,2.0,62.0,12.8,21.9,0.76,593.0,25.1,5.27,1.94
2026-07-24 02:00:00,Missao_Ambiental,12.8,98.0,1012.8,1.5,245.0,19.6,36.9,0.62,560.9,32.0,6.73,1.846
2026-07-24 03:00:00,Missao_Ambiental,10.5,98.0,1014.5,1.0,116.0,21.1,38.2,0.47,579.7,33.1,4.37,2.02
2026-07-24 04:00:00,Missao_Ambiental,13.8,97.3,1011.1,0.0,135.0,18.2,31.7,0.7,567.8,28.3,7.01,1.942
2026-07-24 05:00:00,Missao_Ambiental,10.5,96.1,1008.8,2.1,85.0,18.4,34.4,0.63,554.2,32.0,5.45,1.978
2026-07-24 06:00:00,Missao_Ambiental,12.4,90.2,1008.5,1.5,244.0,16.9,24.2,0.47,414.3,22.4,5.66,1.948
2026-07-24 07:00:00,Missao_Ambiental,13.6,90.7,1010.5,2.0,63.0,13.3,22.0,1.23,392.6,48.7,8.07,1.827
2026-07-24 08:00:00,Missao_Ambiental,16.2,82.6,1015.1,0.5,129.0,22.6,37.6,0.93,416.6,36.6,6.8,2.006
2026-07-24 09:00:00,Missao_Ambiental,18.1,71.4,1015.9,3.2,226.0,23.5,40.9,0.96,419.0,42.9,8.45,1.803
2026-07-24 10:00:00,Missao_Ambiental,20.1,63.0,1016.2,2.2,91.0,14.6,26.2,0.75,401.7,38.5,9.1,1.971
2026-07-24 11:00:00,Missao_Ambiental,20.1,61.3,1013.4,1.8,187.0,14.7,23.7,0.98,414.8,29.6,5.26,1.965
2026-07-24 12:00:00,Missao_Ambiental,23.6,58.5,1012.0,2.5,27.0,16.4,28.6,0.72,428.7,32.8,9.08,2.0
2026-07-24 13:00:00,Missao_Ambiental,22.4,56.6,1010.1,3.2,15.0,12.3,19.3,0.65,424.2,14.0,2.5,1.886
2026-07-24 14:00:00,Missao_Ambiental,23.9,49.4,1008.3,1.7,312.0,16.9,27.8,0.78,426.0,25.5,5.44,1.788
2026-07-24 15:00:00,Missao_Ambiental,23.9,54.4,1015.1,3.9,289.0,20.1,32.8,0.67,419.7,34.2,8.95,1.885
2026-07-24 16:00:00,Missao_Ambiental,24.1,56.0,1012.6,1.2,349.0,17.3,24.5,0.81,452.1,27.2,6.32,1.992
2026-07-24 17:00:00,Missao_Ambiental,22.5,49.3,1013.8,0.7,19.0,23.1,33.9,1.02,416.0,35.7,9.19,1.908
2026-07-24 18:00:00,Missao_Ambiental,24.0,56.3,1010.4,2.8,56.0,13.5,23.9,0.89,392.4,53.0,4.99,1.851
2026-07-24 19:00:00,Missao_Ambiental,18.9,69.5,1009.1,1.3,239.0,19.8,32.6,1.18,407.9,46.1,4.43,1.916
2026-07-24 20:00:00,Missao_Ambiental,20.4,72.4,1009.3,3.4,309.0,14.4,26.9,0.81,436.3,44.2,3.12,1.882
2026-07-24 21:00:00,Missao_Ambiental,15.1,75.8,1014.1,1.2,126.0,10.0,14.2,0.7,425.6,38.7,4.82,1.935
2026-07-24 22:00:00,Missao_Ambiental,14.6,83.3,1011.8,0.4,42.0,13.3,22.5,0.67,414.0,29.8,3.8,2.044
2026-07-24 23:00:00,Missao_Ambiental,14.0,84.8,1010.1,3.0,65.0,16.9,30.9,0.99,423.9,27.9,4.5,1.927
2026-07-25 00:00:00,Missao_Ambiental,13.1,98.0,1009.2,2.7,344.0,10.5,19.4,0.47,442.5,16.2,7.73,1.7
2026-07-25 01:00:00,Missao_Ambiental,11.9,93.0,1009.2,1.0,314.0,11.4,19.7,0.52,603.5,20.7,7.87,1.962
2026-07-25 02:00:00,Missao_Ambiental,12.2,95.6,1011.0,0.7,292.0,13.1,24.5,0.31,598.2,20.9,4.97,1.826
2026-07-25 03:00:00,Missao_Ambiental,9.9,97.2,1014.4,0.5,0.0,16.5,25.5,0.51,605.8,13.5,7.99,1.99
2026-07-25 04:00:00,Missao_Ambiental,10.8,95.9,1016.6,1.1,163.0,8.8,14.2,0.44,591.8,20.2,8.92,1.877
2026-07-25 05:00:00,Missao_Ambiental,14.1,98.0,1017.3,1.5,195.0,10.1,18.6,0.42,613.7,19.5,9.49,1.969
2026-07-25 06:00:00,Missao_Ambiental,14.4,97.0,1014.0,0.0,289.0,4.1,5.9,0.25,414.3,30.7,9.36,1.829
2026-07-25 07:00:00,Missao_Ambiental,15.2,84.8,1014.8,3.0,61.0,10.8,19.9,0.59,474.0,13.8,2.58,1.869
2026-07-25 08:00:00,Missao_Ambiental,14.6,75.5,1010.0,1.6,310.0,10.4,15.5,0.41,422.4,18.9,7.79,1.839
2026-07-25 09:00:00,Missao_Ambiental,17.7,76.5,1007.2,0.1,314.0,9.9,17.2,0.72,442.3,18.8,6.59,2.033
2026-07-25 10:00:00,Missao_Ambiental,17.0,70.2,1019.4,2.8,151.0,12.5,18.5,0.54,396.7,13.0,3.81,1.966
2026-07-25 11:00:00,Missao_Ambiental,22.0,63.8,1015.5,2.3,358.0,8.6,16.1,0.42,448.0,20.1,6.12,1.879
2026-07-25 12:00:00,Missao_Ambiental,23.1,55.6,1015.9,1.4,243.0,3.1,5.6,0.38,427.0,28.4,9.08,2.026
2026-07-25 13:00:00,Missao_Ambiental,22.9,58.3,1010.2,1.6,193.0,2.0,2.9,0.22,416.3,24.2,5.25,1.796
2026-07-25 14:00:00,Missao_Ambiental,24.3,45.1,1010.5,0.4,193.0,7.7,14.2,0.42,400.5,11.1,6.0,1.857
2026-07-25 15:00:00,Missao_Ambiental,26.4,57.3,1010.4,3.1,91.0,9.6,14.5,0.31,427.4,17.4,6.88,1.84
2026-07-25 16:00:00,Missao_Ambiental,22.4,51.3,1014.2,1.3,121.0,2.7,3.9,0.6,420.5,16.6,9.74,1.832
2026-07-25 17:00:00,Missao_Ambiental,26.1,55.1,1013.3,3.0,170.0,12.6,22.9,0.5,413.2,15.5,6.06,1.762
2026-07-25 18:00:00,Missao_Ambiental,22.3,64.1,1013.5,2.2,290.0,13.5,21.8,0.29,459.0,21.5,5.98,1.982
2026-07-25 19:00:00,Missao_Ambiental,22.3,59.3,1011.4,0.0,312.0,6.9,10.4,0.71,409.8,14.6,7.1,1.841
2026-07-25 20:00:00,Missao_Ambiental,19.2,62.0,1013.6,1.2,141.0,16.4,26.4,0.71,420.5,19.4,8.02,2.182
2026-07-25 21:00:00,Missao_Ambiental,16.5,76.8,1010.9,0.7,345.0,8.0,12.5,0.56,429.4,11.2,7.89,1.904
2026-07-25 22:00:00,Missao_Ambiental,17.0,79.6,1011.9,1.5,143.0,,11.5,0.37,398.4,28.0,4.63,1.993
2026-07-25 23:00:00,Missao_Ambiental,16.3,82.4,1009.7,3.8,178.0,8.0,13.9,0.51,436.5,15.7,1.94,1.794
2026-07-26 00:00:00,Missao_Ambiental,13.8,88.2,1012.8,0.1,275.0,9.1,17.3,0.23,443.2,22.9,8.89,1.863
2026-07-26 01:00:00,Missao_Ambiental,12.3,91.4,1011.7,2.2,236.0,16.2,25.6,4.723956186640002,570.4,25.4,5.26,1.956
2026-07-26 02:00:00,Missao_Ambiental,10.6,98.0,1008.6,0.5,123.0,19.8,32.8,0.38,638.0,20.6,8.23,1.919
2026-07-26 03:00:00,Missao_Ambiental,12.6,98.0,1013.6,1.7,158.0,11.5,20.1,0.48,,19.7,9.82,1.993
2026-07-26 04:00:00,Missao_Ambiental,13.8,98.0,1014.0,2.2,5.0,10.6,17.8,0.74,578.3,27.9,5.45,1.846
2026-07-26 05:00:00,Missao_Ambiental,11.3,94.4,1008.8,3.3,12.0,17.4,30.4,0.39,612.2,26.4,4.74,1.876
2026-07-26 06:00:00,Missao_Ambiental,14.7,90.6,1013.0,2.9,3.0,7.9,13.3,0.35,440.7,18.6,7.41,1.962
2026-07-26 07:00:00,Missao_Ambiental,16.9,92.9,1017.0,3.9,199.0,11.4,17.2,0.53,429.5,14.9,8.58,1.904
2026-07-26 08:00:00,Missao_Ambiental,18.9,75.0,1011.3,2.5,221.0,8.3,14.1,0.53,412.6,21.9,3.27,1.857
2026-07-26 09:00:00,Missao_Ambiental,18.6,71.1,1017.8,3.7,32.0,8.6,13.4,4.0067474550239055,395.7,15.3,7.53,1.867
2026-07-26 10:00:00,Missao_Ambiental,20.1,62.4,1015.4,1.9,2.0,2.0,3.1,0.6,444.5,22.4,8.1,1.926
2026-07-26 11:00:00,Missao_Ambiental,21.2,55.6,1012.2,2.5,200.0,13.5,23.9,0.74,419.3,20.7,6.47,1.825
2026-07-26 12:00:00,Missao_Ambiental,21.8,56.5,1017.8,0.4,118.0,13.1,20.5,0.68,441.0,27.5,7.6,2.065
2026-07-26 13:00:00,Missao_Ambiental,23.9,52.7,1014.0,3.7,91.0,7.2,11.8,0.31,432.1,8.7,6.11,1.969
2026-07-26 14:00:00,Missao_Ambiental,23.2,57.6,1008.6,3.7,108.0,,15.7,0.89,416.8,11.6,5.56,1.89
2026-07-26 15:00:00,Missao_Ambiental,24.1,48.8,1014.9,2.1,175.0,10.3,16.4,0.19,415.3,21.0,8.63,1.824
2026-07-26 16:00:00,Missao_Ambiental,25.1,49.1,1018.3,2.1,39.0,11.5,17.3,0.58,423.5,15.0,5.04,1.896
2026-07-26 17:00:00,Missao_Ambiental,24.8,45.6,1013.1,3.1,295.0,7.4,11.5,0.49,438.9,20.6,5.22,1.941
2026-07-26 18:00:00,Missao_Ambiental,21.5,54.9,1011.4,3.9,182.0,3.0,5.0,0.44,434.6,22.9,7.18,1.7
2026-07-26 19:00:00,Missao_Ambiental,22.6,59.5,1015.1,1.9,260.0,7.2,11.8,0.31,447.5,15.3,4.29,1.868
2026-07-26 20:00:00,Missao_Ambiental,19.9,68.3,1014.6,0.0,156.0,9.5,16.6,0.36,446.3,20.2,5.03,1.88
2026-07-26 21:00:00,Missao_Ambiental,17.8,77.4,1017.1,1.6,117.0,6.8,10.5,0.54,434.7,17.8,7.46,1.826
2026-07-26 22:00:00,Missao_Ambiental,16.5,84.2,1006.8,3.3,117.0,19.3,36.5,0.39,428.8,25.9,7.49,1.924
2026-07-26 23:00:00,Missao_Ambiental,15.5,87.1,1018.3,0.0,256.0,10.2,15.6,0.73,434.2,28.9,3.46,1.992
2026-07-27 00:00:00,Missao_Ambiental,16.6,91.2,1009.1,0.8,346.0,21.4,34.4,0.73,403.3,19.6,8.21,1.718
2026-07-27 01:00:00,Missao_Ambiental,12.6,98.0,1013.0,0.1,61.0,26.7,42.7,0.88,591.7,34.4,4.74,2.003
2026-07-27 02:00:00,Missao_Ambiental,11.9,98.0,1010.2,0.2,98.0,19.4,29.1,0.67,598.5,26.2,5.76,1.901
2026-07-27 03:00:00,Missao_Ambiental,9.7,94.1,1014.0,0.5,253.0,24.0,33.6,0.86,598.8,40.9,5.83,1.952
2026-07-27 04:00:00,Missao_Ambiental,11.5,98.0,1019.0,1.2,285.0,23.5,44.0,0.75,585.8,26.1,7.75,1.906
2026-07-27 05:00:00,Missao_Ambiental,13.0,93.3,1007.8,1.4,324.0,19.5,36.0,0.83,609.5,25.8,3.89,1.895
2026-07-27 06:00:00,Missao_Ambiental,13.7,95.8,1010.7,3.9,7.0,14.4,25.1,0.58,438.7,23.7,8.15,1.984
2026-07-27 07:00:00,Missao_Ambiental,16.0,87.4,1004.1,1.9,72.0,21.0,36.1,1.07,407.6,38.6,4.57,1.99
2026-07-27 08:00:00,Missao_Ambiental,15.7,79.4,1011.6,2.8,163.0,29.5,50.6,1.09,404.2,39.2,5.1,1.84
2026-07-27 09:00:00,Missao_Ambiental,18.3,67.2,1009.6,4.0,259.0,16.6,27.7,0.93,429.5,44.3,5.09,1.92
2026-07-27 10:00:00,Missao_Ambiental,20.1,71.4,1016.5,2.9,145.0,14.7,24.6,0.49,455.5,38.4,6.48,1.924
2026-07-27 11:00:00,Missao_Ambiental,21.0,55.5,1013.1,3.7,269.0,12.8,22.6,0.63,413.2,23.9,4.36,1.797
2026-07-27 12:00:00,Missao_Ambiental,21.2,63.0,1010.3,2.6,290.0,20.2,35.6,0.53,424.6,28.6,3.62,2.055
2026-07-27 13:00:00,Missao_Ambiental,22.3,56.0,1016.2,1.9,250.0,13.1,23.0,0.95,400.7,27.0,6.42,1.905
2026-07-27 14:00:00,Missao_Ambiental,23.3,43.2,1014.4,4.5,304.0,15.9,29.1,0.86,415.3,25.2,5.5,1.925
2026-07-27 15:00:00,Missao_Ambiental,23.6,51.3,1014.3,3.3,187.0,13.2,19.8,0.9,420.7,19.0,8.78,1.911
2026-07-27 16:00:00,Missao_Ambiental,24.3,56.3,1011.1,3.1,18.0,17.7,28.4,0.56,414.4,34.2,2.25,1.994
2026-07-27 17:00:00,Missao_Ambiental,24.5,53.7,1012.3,2.9,166.0,24.1,45.8,1.09,431.7,39.5,,1.88
2026-07-27 18:00:00,Missao_Ambiental,21.7,57.3,1009.6,3.5,202.0,18.1,29.0,1.0,423.0,35.7,6.08,1.786
2026-07-27 19:00:00,Missao_Ambiental,21.6,58.8,1011.6,1.5,168.0,22.2,34.0,0.98,446.5,61.8,6.18,1.963
2026-07-27 20:00:00,Missao_Ambiental,17.4,74.5,1015.3,0.7,156.0,16.0,23.9,0.78,404.0,36.1,3.89,1.816
2026-07-27 21:00:00,Missao_Ambiental,16.9,78.0,1011.1,0.0,171.0,10.5,16.4,0.9,451.7,24.8,5.35,1.871
2026-07-27 22:00:00,Missao_Ambiental,15.9,84.0,1015.8,0.9,239.0,19.6,27.6,0.55,418.6,40.4,1.51,1.916
2026-07-27 23:00:00,Missao_Ambiental,17.3,86.1,1012.3,1.5,331.0,13.0,18.9,0.81,414.9,26.2,8.46,1.937
2026-07-28 00:00:00,Missao_Ambiental,14.1,95.9,1012.2,0.4,180.0,13.9,20.7,0.66,412.3,42.7,0.5,1.886
2026-07-28 01:00:00,Missao_Ambiental,14.9,97.1,1015.3,1.3,136.0,16.7,28.5,0.71,576.0,27.0,9.49,2.092
2026-07-28 02:00:00,Missao_Ambiental,12.5,97.3,1009.5,1.7,169.0,21.1,33.7,0.99,602.8,20.5,6.35,1.936
2026-07-28 03:00:00,Missao_Ambiental,11.9,96.8,1016.0,0.8,151.0,28.3,50.6,0.59,589.3,27.4,4.94,1.814
2026-07-28 04:00:00,Missao_Ambiental,11.7,90.7,1010.8,0.9,52.0,20.0,37.5,0.64,599.9,38.1,8.12,1.938
2026-07-28 05:00:00,Missao_Ambiental,12.8,92.7,1015.2,2.9,300.0,21.0,35.0,0.65,565.1,23.1,7.71,1.921
2026-07-28 06:00:00,Missao_Ambiental,15.3,92.6,1010.4,2.3,22.0,13.8,21.6,0.64,434.6,35.2,6.73,1.762
2026-07-28 07:00:00,Missao_Ambiental,14.6,82.6,1016.5,1.9,184.0,23.1,36.9,0.99,409.0,36.6,1.69,1.898
2026-07-28 08:00:00,Missao_Ambiental,15.8,75.8,1016.6,3.2,293.0,15.8,27.9,1.08,404.4,49.9,6.79,1.914
2026-07-28 09:00:00,Missao_Ambiental,17.0,77.4,1010.7,2.4,140.0,18.9,29.6,1.3,434.9,46.5,5.74,1.859
2026-07-28 10:00:00,Missao_Ambiental,20.1,65.1,1013.9,1.8,103.0,14.2,20.0,0.67,423.5,7.9,4.38,1.869
2026-07-28 11:00:00,Missao_Ambiental,22.8,58.2,1013.5,4.0,212.0,11.8,17.5,0.58,408.0,25.6,11.44,1.968
2026-07-28 12:00:00,Missao_Ambiental,23.6,59.3,1008.2,2.9,95.0,17.2,30.8,0.57,447.8,27.5,3.8,1.871
2026-07-28 13:00:00,Missao_Ambiental,24.9,46.0,1006.8,2.6,183.0,15.3,24.9,0.91,405.0,23.6,8.21,1.869
2026-07-28 14:00:00,Missao_Ambiental,23.7,52.8,1016.3,2.2,154.0,,14.7,0.76,440.6,30.9,4.65,1.953
2026-07-28 15:00:00,Missao_Ambiental,25.1,52.6,1009.9,2.0,1.0,6.2,10.4,0.62,425.0,28.3,4.32,1.841
2026-07-28 16:00:00,Missao_Ambiental,23.5,36.4,1010.9,1.6,61.0,18.2,29.7,0.83,434.9,35.4,5.0,1.943
2026-07-28 17:00:00,Missao_Ambiental,22.9,52.6,1014.2,1.9,169.0,24.4,41.5,1.2,435.5,36.5,6.89,1.968
2026-07-28 18:00:00,Missao_Ambiental,23.3,52.9,1011.0,3.5,13.0,20.8,30.2,1.16,443.6,44.7,4.55,1.83
2026-07-28 19:00:00,Missao_Ambiental,21.4,57.2,1012.3,1.5,228.0,23.8,37.4,0.98,415.5,37.6,5.66,2.015
2026-07-28 20:00:00,Missao_Ambiental,19.8,68.6,1017.9,0.0,131.0,20.7,38.7,0.59,443.1,31.5,5.19,1.9
2026-07-28 21:00:00,Missao_Ambiental,18.1,68.3,1021.1,1.7,333.0,10.2,19.0,0.99,410.5,33.6,6.77,1.835
2026-07-28 22:00:00,Missao_Ambiental,18.1,82.6,1015.2,2.6,355.0,10.4,18.9,0.73,432.2,25.7,6.11,1.91
2026-07-28 23:00:00,Missao_Ambiental,13.9,96.8,1008.8,0.0,229.0,17.6,26.4,0.89,442.0,29.8,11.2,1.762
2026-07-29 00:00:00,Missao_Ambiental,14.6,97.3,1015.7,1.0,59.0,17.7,32.0,0.58,435.6,23.9,5.54,1.825
2026-07-29 01:00:00,Missao_Ambiental,12.3,98.0,1013.3,3.8,233.0,24.5,40.2,0.75,589.7,25.2,4.15,1.864
2026-07-29 02:00:00,Missao_Ambiental,12.3,98.0,1009.0,0.9,328.0,18.0,29.9,0.59,575.5,25.9,4.41,1.915
2026-07-29 03:00:00,Missao_Ambiental,11.8,97.8,1014.3,2.9,152.0,12.3,23.0,0.86,590.3,27.6,6.24,1.912
2026-07-29 04:00:00,Missao_Ambiental,11.5,95.6,1011.7,1.4,292.0,24.1,34.9,0.86,602.4,37.0,5.88,1.882
2026-07-29 05:00:00,Missao_Ambiental,13.0,92.1,1012.4,1.9,304.0,16.2,30.3,1.05,583.9,27.8,5.87,1.864
2026-07-29 06:00:00,Missao_Ambiental,14.5,91.1,1017.8,4.0,191.0,13.9,26.4,0.59,410.2,28.0,10.0,1.875
2026-07-29 07:00:00,Missao_Ambiental,15.4,89.7,1010.0,1.6,119.0,21.9,35.5,0.82,450.8,45.9,3.17,1.849
2026-07-29 08:00:00,Missao_Ambiental,15.9,77.4,1015.6,3.3,240.0,23.5,39.6,0.86,463.0,39.6,11.65,1.872
2026-07-29 09:00:00,Missao_Ambiental,17.3,76.3,1011.3,2.9,24.0,21.2,31.7,0.98,439.3,44.7,6.28,1.938
2026-07-29 10:00:00,Missao_Ambiental,21.0,61.9,1014.8,2.2,313.0,6.8,10.5,0.81,391.0,26.7,8.66,1.89
2026-07-29 11:00:00,Missao_Ambiental,19.4,60.6,1008.5,1.4,63.0,12.3,22.5,1.08,421.3,28.3,7.55,1.963
2026-07-29 12:00:00,Missao_Ambiental,22.6,59.6,1012.4,3.0,181.0,12.9,19.7,0.68,409.7,32.8,8.62,1.994
2026-07-29 13:00:00,Missao_Ambiental,21.7,58.5,1012.0,3.1,203.0,12.9,21.7,0.64,429.1,38.1,5.65,2.009
2026-07-29 14:00:00,Missao_Ambiental,23.6,54.3,1006.3,4.9,161.0,15.0,23.4,0.95,398.3,32.7,6.82,1.825
2026-07-29 15:00:00,Missao_Ambiental,25.3,53.2,1015.9,2.5,337.0,16.4,25.5,0.89,415.9,21.7,8.7,2.068
2026-07-29 16:00:00,Missao_Ambiental,23.7,59.5,1013.3,2.1,258.0,20.4,30.9,0.65,411.6,27.2,8.06,1.87
2026-07-29 17:00:00,Missao_Ambiental,22.7,57.9,1017.8,3.1,87.0,22.3,35.0,1.09,405.2,49.3,6.17,1.763
2026-07-29 18:00:00,Missao_Ambiental,21.1,55.3,1012.8,4.4,34.0,18.4,32.7,1.11,424.9,48.5,8.42,1.898
2026-07-29 19:00:00,Missao_Ambiental,23.0,66.1,1010.9,3.4,14.0,25.1,42.1,1.37,419.5,42.0,5.66,1.957
2026-07-29 20:00:00,Missao_Ambiental,21.1,70.8,1013.3,2.7,309.0,18.0,27.4,0.68,418.3,29.7,5.25,2.008
2026-07-29 21:00:00,Missao_Ambiental,17.1,72.0,1019.4,2.2,171.0,17.4,25.5,0.69,392.8,24.3,0.5,1.889
2026-07-29 22:00:00,Missao_Ambiental,15.1,81.7,1008.1,1.3,66.0,22.1,39.0,0.55,415.1,41.9,2.89,1.788
2026-07-29 23:00:00,Missao_Ambiental,14.9,96.5,1012.4,1.0,227.0,13.4,25.0,0.78,434.3,34.7,4.74,1.843
2026-07-30 00:00:00,Missao_Ambiental,12.2,93.0,1009.8,0.0,57.0,16.9,25.1,0.63,421.2,28.3,6.37,1.821
2026-07-30 01:00:00,Missao_Ambiental,12.9,97.3,1008.5,2.2,195.0,21.2,37.4,0.63,588.5,27.8,7.9,1.954
2026-07-30 02:00:00,Missao_Ambiental,11.5,96.0,1006.8,1.4,310.0,25.8,43.6,0.7,577.5,36.8,4.94,1.962
2026-07-30 03:00:00,Missao_Ambiental,10.2,98.0,1007.0,0.9,96.0,22.8,32.1,0.7,588.6,45.8,8.31,1.993
2026-07-30 04:00:00,Missao_Ambiental,12.7,98.0,1005.8,0.5,112.0,11.5,18.6,0.58,587.4,34.9,8.21,1.933
2026-07-30 05:00:00,Missao_Ambiental,11.6,88.9,1007.7,0.0,333.0,19.5,28.3,0.58,572.8,32.0,5.54,1.901
2026-07-30 06:00:00,Missao_Ambiental,15.1,88.0,1014.3,2.5,315.0,12.7,23.1,0.7,433.2,24.3,5.64,1.922
2026-07-30 07:00:00,Missao_Ambiental,14.7,89.8,1013.8,4.3,172.0,24.5,36.6,0.93,395.7,47.1,4.74,1.841
2026-07-30 08:00:00,Missao_Ambiental,,79.6,1016.3,2.5,256.0,18.3,32.0,1.1,427.0,41.7,4.99,1.778
2026-07-30 09:00:00,Missao_Ambiental,19.1,73.5,1013.5,1.5,51.0,23.8,38.5,1.12,431.9,44.9,2.46,2.139
2026-07-30 10:00:00,Missao_Ambiental,21.6,71.4,1010.7,2.4,283.0,11.2,19.2,0.68,412.9,36.7,9.2,2.022
2026-07-30 11:00:00,Missao_Ambiental,21.9,61.5,1003.3,2.8,359.0,9.1,15.1,0.72,428.4,33.8,7.36,1.976
2026-07-30 12:00:00,Missao_Ambiental,23.0,55.7,1012.8,2.6,47.0,22.8,38.1,0.81,,30.5,0.5,1.999
2026-07-30 13:00:00,Missao_Ambiental,22.5,50.1,1011.8,2.1,350.0,12.5,21.2,0.61,403.8,32.1,7.25,1.951
2026-07-30 14:00:00,Missao_Ambiental,22.9,46.9,1011.5,2.7,151.0,9.1,14.8,0.76,395.2,35.8,7.09,1.936
2026-07-30 15:00:00,Missao_Ambiental,25.1,48.1,1011.7,4.7,327.0,8.8,14.5,0.59,389.3,26.5,8.11,1.963
2026-07-30 16:00:00,Missao_Ambiental,24.9,46.9,1017.8,1.5,171.0,7.9,12.5,0.68,420.3,27.6,12.75,1.954
2026-07-30 17:00:00,Missao_Ambiental,22.7,49.1,1007.4,1.5,287.0,32.0,58.4,1.21,415.2,46.6,4.96,2.037
2026-07-30 18:00:00,Missao_Ambiental,22.0,57.0,1006.4,2.3,91.0,25.7,39.1,1.19,397.9,51.3,4.94,1.869
2026-07-30 19:00:00,Missao_Ambiental,19.7,64.0,1020.4,2.0,107.0,25.7,41.5,0.99,432.1,27.3,3.99,1.976
2026-07-30 20:00:00,Missao_Ambiental,19.7,64.4,1011.1,0.0,233.0,23.9,40.0,0.7,433.2,36.2,9.95,1.93
2026-07-30 21:00:00,Missao_Ambiental,17.8,79.1,1017.4,0.7,210.0,14.9,24.0,0.63,410.4,28.4,4.19,2.116
2026-07-30 22:00:00,Missao_Ambiental,16.7,78.1,1015.6,2.0,326.0,16.6,30.4,0.7,407.6,27.0,1.98,1.794
2026-07-30 23:00:00,Missao_Ambiental,17.2,94.1,1013.2,2.9,38.0,12.7,23.9,0.84,417.6,28.5,6.11,1.89
